Date,Goldpreis_am_Tag,Gold_ETF,Dollar_Index,SP500,Oil_Price
2025-05-14,3186.08,293.1600036621094,101.04000091552734,5892.580078125,63.150001525878906
2025-05-13,3254.46,299.4599914550781,101.0,5886.5498046875,63.66999816894531
2025-05-12,3236.87,298.19000244140625,101.79000091552734,5844.18994140625,61.95000076293945
2025-05-09,3326.97,306.8399963378906,100.33999633789062,5659.91015625,61.02000045776367
2025-05-08,3316.47,304.6300048828125,100.63999938964844,5663.93994140625,59.90999984741211
2025-05-07,3376.52,310.75,99.61000061035156,5631.27978515625,58.06999969482422
2025-05-06,3400.86,315.4800109863281,99.23999786376953,5606.91015625,59.09000015258789
2025-05-05,3334.17,306.8800048828125,99.83000183105469,5650.3798828125,57.130001068115234
2025-05-02,3241.06,297.9800109863281,100.0,5686.669921875,58.290000915527344
2025-05-01,3237.4,297.4599914550781,100.25,5604.14013671875,59.2400016784668
2025-04-30,3272.92,303.7699890136719,99.47000122070312,5569.06005859375,58.209999084472656
2025-04-29,3317.09,306.05999755859375,99.23999786376953,5560.830078125,60.41999816894531
2025-04-28,3337.74,309.07000732421875,99.01000213623047,5528.75,62.04999923706055
2025-04-25,3319.26,304.7300109863281,99.47000122070312,5525.2099609375,63.02000045776367
2025-04-24,3349.03,308.07000732421875,99.29000091552734,5484.77001953125,62.790000915527344
2025-04-23,3316.4,303.6499938964844,99.83999633789062,5375.85986328125,62.27000045776367
2025-04-22,3336.68,311.1099853515625,98.91999816894531,5287.759765625,64.30999755859375
2025-04-21,3434.67,315.5899963378906,98.27999877929688,5158.2001953125,63.08000183105469
2025-04-17,3327.62,306.1199951171875,99.37999725341797,5282.7001953125,64.68000030517578
2025-04-16,3350.21,307.4700012207031,99.37999725341797,5275.7001953125,62.470001220703125
2025-04-15,3251.87,297.7799987792969,100.22000122070312,5396.6298828125,61.33000183105469
2025-04-14,3212.68,296.2300109863281,99.63999938964844,5405.97021484375,61.529998779296875
2025-04-11,3237.71,297.92999267578125,99.77999877929688,5363.35986328125,61.5
2025-04-10,3189.06,292.3500061035156,100.87000274658203,5268.0498046875,60.06999969482422
2025-04-09,3086.91,285.3800048828125,102.9000015258789,5456.89990234375,62.349998474121094
2025-04-08,2978.37,275.20001220703125,102.95999908447266,4982.77001953125,59.58000183105469
2025-04-07,2981.35,273.7099914550781,103.26000213623047,5062.25,60.70000076293945
2025-04-04,3038.86,279.7200012207031,103.0199966430664,5074.080078125,61.9900016784668
2025-04-03,3112.97,286.4200134277344,102.06999969482422,5396.52001953125,66.94999694824219
2025-04-02,3162.74,288.1600036621094,103.80999755859375,5670.97021484375,71.70999908447266
2025-04-01,3115.3,287.57000732421875,104.26000213623047,5633.06982421875,71.19999694824219
2025-03-31,3120.69,288.1400146484375,104.20999908447266,5611.85009765625,71.4800033569336
2025-03-28,3085.37,284.05999755859375,104.04000091552734,5580.93994140625,69.36000061035156
2025-03-27,3055.79,281.9700012207031,104.06999969482422,5693.31005859375,69.91999816894531
2025-03-26,3021.78,278.239990234375,104.55000305175781,5712.2001953125,69.6500015258789
2025-03-25,3021.09,278.4700012207031,104.18000030517578,5776.64990234375,69.0
2025-03-24,3009.95,277.25,104.26000213623047,5767.56982421875,69.11000061035156
2025-03-21,3023.53,278.489990234375,104.08999633789062,5667.56005859375,68.27999877929688
2025-03-20,3046.45,280.75,103.8499984741211,5662.89013671875,68.26000213623047
2025-03-19,3050.18,281.1099853515625,103.43000030517578,5675.2900390625,67.16000366210938
2025-03-18,3031.9,279.9599914550781,103.23999786376953,5614.66015625,66.9000015258789
2025-03-17,2999.93,276.7300109863281,103.37000274658203,5675.1201171875,67.58000183105469
2025-03-14,2986.14,275.239990234375,103.72000122070312,5638.93994140625,67.18000030517578
2025-03-13,2986.59,275.1300048828125,103.83000183105469,5521.52001953125,66.55000305175781
2025-03-12,2938.18,270.3299865722656,103.61000061035156,5599.2998046875,67.68000030517578
2025-03-11,2915.59,269.1600036621094,103.44000244140625,5572.06982421875,66.25
2025-03-10,2884.77,266.0400085449219,103.91000366210938,5614.56005859375,66.02999877929688
2025-03-07,2911.24,268.3900146484375,103.83999633789062,5770.2001953125,67.04000091552734
2025-03-06,2910.4,268.25,104.05999755859375,5738.52001953125,66.36000061035156
2025-03-05,2918.32,269.6199951171875,105.73999786376953,5842.6298828125,66.30999755859375
2025-03-04,2914.49,269.05999755859375,105.73999786376953,5778.14990234375,68.26000213623047
2025-03-03,2891.03,266.739990234375,106.75,5849.72021484375,68.37000274658203
2025-02-28,2858.28,263.2699890136719,107.61000061035156,5954.5,69.76000213623047
2025-02-27,2876.06,264.92999267578125,107.23999786376953,5861.56982421875,70.3499984741211
2025-02-26,2919.3,269.0299987792969,106.41999816894531,5956.06005859375,68.62000274658203
2025-02-25,2918.71,268.6199951171875,106.30999755859375,5955.25,68.93000030517578
2025-02-24,2950.08,272.2099914550781,106.5999984741211,5983.25,70.69999694824219
2025-02-21,2936.51,270.739990234375,106.61000061035156,6013.1298828125,70.4000015258789
2025-02-20,2941.68,270.989990234375,106.33999633789062,6117.52001953125,72.56999969482422
2025-02-19,2935.52,270.8500061035156,107.16999816894531,6144.14990234375,72.25
2025-02-18,2934.03,270.70001220703125,107.05000305175781,6129.580078125,71.8499984741211
2025-02-14,2882.82,266.2900085449219,106.56999969482422,6114.6298828125,70.73999786376953
2025-02-13,2931.25,270.30999755859375,107.30999755859375,6115.06982421875,71.29000091552734
2025-02-12,2906.14,267.6700134277344,107.94000244140625,6051.97021484375,71.37000274658203
2025-02-11,2898.63,267.3900146484375,107.95999908447266,6068.5,73.31999969482422
2025-02-10,2917.86,268.3699951171875,108.31999969482422,6066.43994140625,72.31999969482422
2025-02-07,2861.03,263.8999938964844,108.04000091552734,6025.990234375,71.0
2025-02-06,2858.13,263.42999267578125,107.69000244140625,6083.56982421875,70.61000061035156
2025-02-05,2869.28,264.1300048828125,107.58000183105469,6061.47998046875,71.02999877929688
2025-02-04,2841.27,262.5,107.95999908447266,6037.8798828125,72.69999694824219
2025-02-03,2813.9,259.94000244140625,108.98999786376953,5994.56982421875,73.16000366210938
2025-01-31,2799.37,258.55999755859375,108.37000274658203,6040.52978515625,72.52999877929688
2025-01-30,2796.28,258.04998779296875,107.80000305175781,6071.169921875,72.7300033569336
2025-01-29,2760.37,254.1999969482422,108.0,6039.31005859375,72.62000274658203
2025-01-28,2762.84,255.17999267578125,107.87000274658203,6067.7001953125,73.7699966430664
2025-01-27,2741.86,252.99000549316406,107.33999633789062,6012.27978515625,73.16999816894531
2025-01-24,2771.33,255.64999389648438,107.44000244140625,6101.240234375,74.66000366210938
2025-01-23,2754.6,254.07000732421875,108.05000305175781,6118.7099609375,74.62000274658203
2025-01-22,2755.59,254.42999267578125,108.16999816894531,6086.3701171875,75.44000244140625
2025-01-21,2744.39,253.1300048828125,108.05999755859375,6049.240234375,75.88999938964844
2025-01-17,2702.8,249.27000427246094,109.3499984741211,5996.66015625,77.87999725341797
2025-01-16,2714.63,250.60000610351562,108.95999908447266,5937.33984375,78.68000030517578
2025-01-15,2694.99,248.8800048828125,109.08999633789062,5949.91015625,80.04000091552734
2025-01-14,2675.63,247.02999877929688,109.2699966430664,5842.91015625,77.5
2025-01-13,2668.06,245.74000549316406,109.95999908447266,5836.22021484375,78.81999969482422
2025-01-10,2689.71,248.2100067138672,109.6500015258789,5827.0400390625,76.56999969482422
2025-01-08,2662.7,245.86000061035156,109.08999633789062,5918.25,73.31999969482422
2025-01-07,2649.89,244.55999755859375,108.54000091552734,5909.02978515625,74.25
2025-01-06,2634.69,243.19000244140625,108.26000213623047,5975.3798828125,73.55999755859375
2025-01-03,2640.51,243.49000549316406,108.94999694824219,5942.47021484375,73.95999908447266
2025-01-02,2658.48,245.4199981689453,109.38999938964844,5868.5498046875,73.12999725341797
2024-12-31,2624.33,242.1300048828125,108.48999786376953,5881.6298828125,71.72000122070312
2024-12-30,2606.76,240.6300048828125,108.12999725341797,5906.93994140625,70.98999786376953
2024-12-27,2621.74,241.39999389648438,108.0,5970.83984375,70.5999984741211
2024-12-26,2632.68,243.07000732421875,108.12999725341797,6037.58984375,69.62000274658203
2024-12-24,2616.86,241.44000244140625,108.26000213623047,6040.0400390625,70.0999984741211
2024-12-23,2615.65,240.9600067138672,108.04000091552734,5974.06982421875,69.23999786376953
2024-12-20,2622.82,242.10000610351562,107.62000274658203,5930.85009765625,69.45999908447266
2024-12-19,2593.63,239.60000610351562,108.41000366210938,5867.080078125,69.91000366210938
2024-12-18,2588.17,239.25999450683594,108.02999877929688,5872.16015625,70.58000183105469
2024-12-17,2647.54,243.94000244140625,106.95999908447266,6050.60986328125,70.08000183105469
2024-12-16,2651.82,244.8800048828125,106.86000061035156,6074.080078125,70.70999908447266
2024-12-13,2648.44,244.2899932861328,107.0,6051.08984375,71.29000091552734
2024-12-12,2680.8,247.27999877929688,106.95999908447266,6051.25,70.0199966430664
2024-12-11,2720.09,250.9600067138672,106.70999908447266,6084.18994140625,70.29000091552734
2024-12-10,2696.11,248.58999633789062,106.4000015258789,6034.91015625,68.58999633789062
2024-12-09,2660.6,245.36000061035156,106.1500015258789,6052.85009765625,68.37000274658203
2024-12-06,2633.13,242.9499969482422,105.97000122070312,6090.27001953125,67.19999694824219
2024-12-05,2633.86,242.86000061035156,105.70999908447266,6075.10986328125,68.30000305175781
2024-12-04,2650.43,244.6699981689453,106.33999633789062,6086.490234375,68.54000091552734
2024-12-03,2642.85,243.92999267578125,106.37000274658203,6049.8798828125,69.94000244140625
2024-12-02,2642.3,243.44000244140625,106.44999694824219,6047.14990234375,68.0999984741211
2024-11-29,2650.5,245.58999633789062,105.73999786376953,6032.3798828125,68.0
2024-11-27,2637.13,243.49000549316406,106.08000183105469,5998.740234375,68.72000122070312
2024-11-26,2632.36,242.9499969482422,107.01000213623047,6021.6298828125,68.7699966430664
2024-11-25,2610.49,242.47999572753906,106.81999969482422,5987.3701171875,68.94000244140625
2024-11-22,2715.67,249.83999633789062,107.48999786376953,5969.33984375,71.23999786376953
2024-11-21,2669.24,246.66000366210938,106.97000122070312,5948.7099609375,70.0999984741211
2024-11-20,2652.26,244.6199951171875,106.68000030517578,5917.10986328125,68.87000274658203
2024-11-19,2635.21,243.25,106.20999908447266,5916.97998046875,69.38999938964844
2024-11-18,2612.73,241.08999633789062,106.27999877929688,5893.6201171875,69.16000366210938
2024-11-15,2563.19,236.58999633789062,106.69000244140625,5870.6201171875,67.0199966430664
2024-11-14,2566.95,237.00999450683594,106.66999816894531,5949.169921875,68.69999694824219
2024-11-13,2570.97,237.6300048828125,106.4800033569336,5985.3798828125,68.43000030517578
2024-11-12,2599.03,240.0500030517578,106.0199966430664,5983.990234375,68.12000274658203
2024-11-11,2624.08,242.13999938964844,105.54000091552734,6001.35009765625,68.04000091552734
2024-11-08,2684.77,247.9600067138672,105.0,5995.5400390625,70.37999725341797
2024-11-07,2706.98,249.64999389648438,104.51000213623047,5973.10009765625,72.36000061035156
2024-11-06,2664.12,245.6999969482422,105.08999633789062,5929.0400390625,71.69000244140625
2024-11-05,2745.74,253.39999389648438,103.41999816894531,5782.759765625,71.98999786376953
2024-11-04,2736.09,252.8300018310547,103.88999938964844,5712.68994140625,71.47000122070312
2024-11-01,2736.75,252.47000122070312,104.27999877929688,5728.7998046875,69.48999786376953
2024-10-31,2746.75,253.50999450683594,103.9800033569336,5705.4501953125,69.26000213623047
2024-10-30,2785.48,257.5,103.98999786376953,5813.669921875,68.61000061035156
2024-10-29,2775.09,256.0899963378906,104.27999877929688,5832.919921875,67.20999908447266
2024-10-28,2744.54,253.3300018310547,104.31999969482422,5823.52001953125,67.37999725341797
2024-10-25,2747.38,253.32000732421875,104.26000213623047,5808.1201171875,71.77999877929688
2024-10-24,2733.89,252.8000030517578,104.05999755859375,5809.85986328125,70.19000244140625
2024-10-23,2721.37,250.8699951171875,104.43000030517578,5797.419921875,70.7699966430664
2024-10-22,2746.62,253.92999267578125,104.08000183105469,5851.2001953125,72.08999633789062
2024-10-21,2721.53,251.22000122070312,104.01000213623047,5853.97998046875,70.55999755859375
2024-10-18,2721.86,251.27000427246094,103.48999786376953,5864.669921875,69.22000122070312
2024-10-17,2693.82,248.6300048828125,103.83000183105469,5841.47021484375,70.66999816894531
2024-10-16,2674.2,247.14999389648438,103.58999633789062,5842.47021484375,70.38999938964844
2024-10-15,2660.55,245.9199981689453,103.26000213623047,5815.259765625,70.58000183105469
2024-10-14,2649.49,245.07000732421875,103.30000305175781,5859.85009765625,73.83000183105469
2024-10-11,2656.97,245.47000122070312,102.88999938964844,5815.02978515625,75.55999755859375
2024-10-10,2633.25,242.82000732421875,102.98999786376953,5780.0498046875,75.8499984741211
2024-10-09,2608.47,241.0500030517578,102.93000030517578,5792.0400390625,73.23999786376953
2024-10-08,2622.01,242.3699951171875,102.55000305175781,5751.1298828125,73.56999969482422
2024-10-07,2643.06,244.1699981689453,102.54000091552734,5695.93994140625,77.13999938964844
2024-10-04,2653.63,245.0,102.5199966430664,5751.06982421875,74.37999725341797
2024-10-03,2655.91,245.49000549316406,101.98999786376953,5699.93994140625,73.70999908447266
2024-10-02,2660.38,245.66000366210938,101.68000030517578,5709.5400390625,70.0999984741211
2024-10-01,2660.43,245.61000061035156,101.19000244140625,5708.75,69.83000183105469
2024-09-30,2635.73,243.05999755859375,100.77999877929688,5762.47998046875,68.16999816894531
2024-09-27,2658.18,245.02000427246094,100.41999816894531,5738.169921875,68.18000030517578
2024-09-26,2672.72,246.97999572753906,100.55999755859375,5745.3701171875,67.66999816894531
2024-09-25,2656.38,245.72999572753906,100.91999816894531,5722.259765625,69.69000244140625
2024-09-24,2658.27,246.07000732421875,100.37000274658203,5732.93017578125,71.55999755859375
2024-09-23,2626.4,242.67999267578125,100.91999816894531,5718.56982421875,70.37000274658203
2024-09-20,2622.23,242.2100067138672,100.72000122070312,5702.5498046875,71.91999816894531
2024-09-19,2587.3,239.1699981689453,100.61000061035156,5713.64013671875,71.94999694824219
2024-09-18,2559.36,235.50999450683594,100.5999984741211,5618.259765625,70.91000366210938
2024-09-17,2574.18,237.33999633789062,100.88999938964844,5634.580078125,71.19000244140625
2024-09-16,2583.74,238.66000366210938,100.76000213623047,5633.08984375,70.08999633789062
2024-09-13,2579.08,238.67999267578125,101.11000061035156,5626.02001953125,68.6500015258789
2024-09-12,2558.59,236.3300018310547,101.37000274658203,5595.759765625,68.97000122070312
2024-09-11,2511.99,232.25,101.68000030517578,5554.1298828125,67.30999755859375
2024-09-10,2518.8,232.6199951171875,101.62999725341797,5495.52001953125,65.75
2024-09-09,2506.86,231.60000610351562,101.55000305175781,5471.0498046875,68.70999908447266
2024-09-06,2497.53,230.6300048828125,101.18000030517578,5408.419921875,67.66999816894531
2024-09-05,2517.32,232.35000610351562,101.11000061035156,5503.41015625,69.1500015258789
2024-09-04,2495.94,230.42999267578125,101.36000061035156,5520.06982421875,69.19999694824219
2024-09-03,2493.38,230.2899932861328,101.83000183105469,5528.93017578125,70.33999633789062
2024-08-30,2503.12,231.2899932861328,101.69999694824219,5648.39990234375,73.55000305175781
2024-08-29,2519.67,232.9499969482422,101.33999633789062,5591.9599609375,75.91000366210938
2024-08-28,2508.2,231.75,101.08999633789062,5592.18017578125,74.5199966430664
2024-08-27,2525.4,233.38999938964844,100.55000305175781,5625.7998046875,75.52999877929688
2024-08-26,2515.57,232.75999450683594,100.8499984741211,5616.83984375,77.41999816894531
2024-08-23,2512.58,232.02000427246094,100.72000122070312,5634.60986328125,74.83000183105469
2024-08-22,2487.66,229.3699951171875,101.51000213623047,5570.64013671875,73.01000213623047
2024-08-21,2512.86,232.14999389648438,101.04000091552734,5620.85009765625,71.93000030517578
2024-08-20,2513.03,232.4600067138672,101.44000244140625,5597.1201171875,74.04000091552734
2024-08-19,2503.71,231.61000061035156,101.88999938964844,5608.25,74.37000274658203
2024-08-16,2508.11,231.99000549316406,102.45999908447266,5554.25,76.6500015258789
2024-08-15,2457.42,226.91000366210938,102.9800033569336,5543.22021484375,78.16000366210938
2024-08-14,2449.51,226.1999969482422,102.56999969482422,5455.2099609375,76.9800033569336
2024-08-13,2464.21,228.05999755859375,102.55999755859375,5434.43017578125,78.3499984741211
2024-08-12,2475.67,228.41000366210938,103.13999938964844,5344.39013671875,80.05999755859375
2024-08-09,2430.93,224.55999755859375,103.13999938964844,5344.16015625,76.83999633789062
2024-08-08,2424.63,224.00999450683594,103.20999908447266,5319.31005859375,76.19000244140625
2024-08-07,2384.91,220.5500030517578,103.19999694824219,5199.5,75.2300033569336
2024-08-06,2383.94,220.6999969482422,102.97000122070312,5240.02978515625,73.19999694824219
2024-08-05,2404.85,222.47999572753906,102.69000244140625,5186.330078125,72.94000244140625
2024-08-02,2442.03,225.33999633789062,103.20999908447266,5346.56005859375,73.5199966430664
2024-08-01,2445.91,225.77000427246094,104.41999816894531,5446.68017578125,76.30999755859375
2024-07-31,2445.84,226.5500030517578,104.0999984741211,5522.2998046875,77.91000366210938
2024-07-30,2409.92,222.52000427246094,104.55000305175781,5436.43994140625,74.7300033569336
2024-07-29,2381.25,220.32000732421875,104.55999755859375,5463.5400390625,75.80999755859375
2024-07-26,2387.19,220.6300048828125,104.31999969482422,5459.10009765625,77.16000366210938
2024-07-25,2363.91,218.3300018310547,104.36000061035156,5399.22021484375,78.27999877929688
2024-07-24,2398.71,221.8000030517578,104.38999938964844,5427.1298828125,77.58999633789062
2024-07-23,2408.64,222.5800018310547,104.44999694824219,5555.740234375,76.95999908447266
2024-07-22,2395.86,221.8000030517578,104.30999755859375,5564.41015625,79.77999877929688
2024-07-19,2400.95,221.72999572753906,104.4000015258789,5505.0,80.12999725341797
2024-07-18,2441.31,225.77999877929688,104.16999816894531,5544.58984375,82.81999969482422
2024-07-17,2461.36,227.22999572753906,103.75,5588.27001953125,82.8499984741211
2024-07-16,2468.33,228.2899932861328,104.2699966430664,5667.2001953125,80.76000213623047
2024-07-15,2422.68,223.8300018310547,104.19000244140625,5631.22021484375,81.91000366210938
2024-07-12,2411.69,223.11000061035156,104.08999633789062,5615.35009765625,82.20999908447266
2024-07-11,2415.95,223.25,104.44000244140625,5584.5400390625,82.62000274658203
2024-07-10,2372.95,219.36000061035156,105.05000305175781,5633.91015625,82.0999984741211
2024-07-09,2365.07,218.55999755859375,105.12999725341797,5576.97998046875,81.41000366210938
2024-07-08,2361.76,218.19000244140625,105.01000213623047,5572.85009765625,82.33000183105469
2024-07-05,2392.01,220.92999267578125,104.87999725341797,5567.18994140625,83.16000366210938
2024-07-03,2358.84,217.99000549316406,105.4000015258789,5537.02001953125,83.87999725341797
2024-07-02,2330.3,215.55999755859375,105.72000122070312,5509.009765625,82.80999755859375
2024-07-01,2332.38,215.57000732421875,105.9000015258789,5475.08984375,83.37999725341797
2024-06-28,2326.72,215.00999450683594,105.87000274658203,5460.47998046875,81.54000091552734
2024-06-27,2327.87,214.99000549316406,105.91000366210938,5482.8701171875,81.73999786376953
2024-06-26,2298.51,212.5800018310547,106.05000305175781,5477.89990234375,80.9000015258789
2024-06-25,2320.06,214.55999755859375,105.61000061035156,5469.2998046875,80.83000183105469
2024-06-24,2330.91,215.6300048828125,105.47000122070312,5447.8701171875,81.62999725341797
2024-06-21,2321.73,214.77999877929688,105.80000305175781,5464.6201171875,80.7300033569336
2024-06-20,2360.95,218.16000366210938,105.58999633789062,5473.169921875,82.16999816894531
2024-06-18,2328.35,215.47000122070312,105.26000213623047,5487.02978515625,81.56999969482422
2024-06-17,2320.78,214.61000061035156,105.31999969482422,5473.22998046875,80.33000183105469
2024-06-14,2333.07,215.72999572753906,105.55000305175781,5431.60009765625,78.44999694824219
2024-06-13,2302.47,212.97000122070312,105.19999694824219,5433.740234375,78.62000274658203
2024-06-12,2320.69,214.72000122070312,104.6500015258789,5421.02978515625,78.5
2024-06-11,2315.17,214.14999389648438,105.2300033569336,5375.31982421875,77.9000015258789
2024-06-10,2309.98,213.5399932861328,105.1500015258789,5360.7900390625,77.73999786376953
2024-06-07,2293.99,211.60000610351562,104.88999938964844,5346.990234375,75.52999877929688
2024-06-06,2376.87,219.42999267578125,104.0999984741211,5352.9599609375,75.55000305175781
2024-06-05,2355.1,217.82000732421875,104.2699966430664,5354.02978515625,74.06999969482422
2024-06-04,2328.89,215.27000427246094,104.11000061035156,5291.33984375,73.25
2024-06-03,2350.69,217.22000122070312,104.13999938964844,5283.39990234375,74.22000122070312
2024-05-31,2327.26,215.3000030517578,104.66999816894531,5277.509765625,76.98999786376953
2024-05-30,2344.11,216.57000732421875,104.72000122070312,5235.47998046875,77.91000366210938
2024-05-29,2338.46,216.16000366210938,105.0999984741211,5266.9501953125,79.2300033569336
2024-05-28,2359.88,218.19000244140625,104.61000061035156,5306.0400390625,79.83000183105469
2024-05-24,2333.83,215.9199981689453,104.72000122070312,5304.72021484375,77.72000122070312
2024-05-23,2332.08,215.72000122070312,105.11000061035156,5267.83984375,76.87000274658203
2024-05-22,2382.25,220.11000061035156,104.94000244140625,5307.009765625,77.56999969482422
2024-05-21,2421.82,224.22999572753906,104.66000366210938,5321.41015625,79.26000213623047
2024-05-20,2426.27,224.55999755859375,104.56999969482422,5308.1298828125,79.80000305175781
2024-05-17,2413.96,223.66000366210938,104.44999694824219,5303.27001953125,80.05999755859375
2024-05-16,2377.9,220.02999877929688,104.45999908447266,5297.10009765625,79.2300033569336
2024-05-15,2391.89,220.88999938964844,104.3499984741211,5308.14990234375,78.62999725341797
2024-05-14,2355.87,218.08999633789062,105.01000213623047,5246.68017578125,78.0199966430664
2024-05-13,2338.43,216.25999450683594,105.22000122070312,5221.419921875,79.12000274658203
2024-05-10,2360.42,218.7100067138672,105.30999755859375,5222.68017578125,78.26000213623047
2024-05-09,2346.66,216.9499969482422,105.2300033569336,5214.080078125,79.26000213623047
2024-05-08,2308.86,213.5800018310547,105.55000305175781,5187.669921875,78.98999786376953
2024-05-07,2315.22,214.2100067138672,105.41000366210938,5187.7001953125,78.37999725341797
2024-05-06,2326.06,215.1999969482422,105.05000305175781,5180.740234375,78.4800033569336
2024-05-03,2301.8,212.9600067138672,105.02999877929688,5127.7900390625,78.11000061035156
2024-05-02,2304.29,213.1300048828125,105.30000305175781,5064.2001953125,78.94999694824219
2024-05-01,2323.94,213.7899932861328,105.76000213623047,5018.39013671875,79.0
2024-04-30,2291.39,211.8699951171875,106.22000122070312,5035.68994140625,81.93000030517578
2024-04-29,2333.26,216.17999267578125,105.58000183105469,5116.169921875,82.62999725341797
2024-04-26,2337.81,216.6199951171875,105.94000244140625,5099.9599609375,83.8499984741211
2024-04-25,2330.71,215.9199981689453,105.5999984741211,5048.419921875,83.56999969482422
2024-04-24,2316.3,214.63999938964844,105.86000061035156,5071.6298828125,82.80999755859375
2024-04-23,2323.38,215.0399932861328,105.69000244140625,5070.5498046875,83.36000061035156
2024-04-22,2333.87,215.57000732421875,106.08000183105469,5010.60009765625,82.8499984741211
2024-04-19,2391.36,221.02999877929688,106.1500015258789,4967.22998046875,83.13999938964844
2024-04-18,2379.94,220.33999633789062,106.1500015258789,5011.1201171875,82.7300033569336
2024-04-17,2367.9,219.58999633789062,105.94999694824219,5022.2099609375,82.69000244140625
2024-04-16,2382.74,221.22000122070312,106.26000213623047,5051.41015625,85.36000061035156
2024-04-15,2382.06,220.9499969482422,106.20999908447266,5061.81982421875,85.41000366210938
2024-04-12,2344.31,216.88999938964844,106.04000091552734,5123.41015625,85.66000366210938
2024-04-11,2376.95,219.8000030517578,105.27999877929688,5199.06005859375,85.0199966430664
2024-04-10,2335.62,215.61000061035156,105.25,5160.64013671875,86.20999908447266
2024-04-09,2355.03,217.6699981689453,104.1500015258789,5209.91015625,85.2300033569336
2024-04-08,2338.86,216.47999572753906,104.13999938964844,5202.39013671875,86.43000030517578
2024-04-05,2329.59,215.13999938964844,104.30000305175781,5204.33984375,86.91000366210938
2024-04-04,2288.82,211.52000427246094,104.12000274658203,5147.2099609375,86.58999633789062
2024-04-03,2297.57,212.74000549316406,104.25,5211.490234375,85.43000030517578
2024-04-02,2280.01,210.88999938964844,104.81999969482422,5205.81005859375,85.1500015258789
2024-04-01,2249.11,207.82000732421875,105.0199966430664,5243.77001953125,83.70999908447266
2024-03-28,2233.04,205.72000122070312,104.55000305175781,5254.35009765625,83.16999816894531
2024-03-27,2190.79,203.10000610351562,104.3499984741211,5248.490234375,81.3499984741211
2024-03-26,2179.58,201.63999938964844,104.29000091552734,5203.580078125,81.62000274658203
2024-03-25,2173.01,200.99000549316406,104.2300033569336,5218.18994140625,81.94999694824219
2024-03-22,2165.36,200.35000610351562,104.43000030517578,5234.18017578125,80.62999725341797
2024-03-21,2181.82,201.97000122070312,104.0,5241.52978515625,81.06999969482422
2024-03-20,2204.06,202.17999267578125,103.41000366210938,5224.6201171875,81.68000030517578
2024-03-19,2157.15,199.8000030517578,103.80999755859375,5178.509765625,83.47000122070312
2024-03-18,2162.21,200.02999877929688,103.58000183105469,5149.419921875,82.72000122070312
2024-03-15,2156.19,199.7100067138672,103.43000030517578,5117.08984375,81.04000091552734
2024-03-14,2161.72,200.35000610351562,103.36000061035156,5150.47998046875,81.26000213623047
2024-03-13,2175.59,201.19000244140625,102.79000091552734,5165.31005859375,79.72000122070312
2024-03-12,2156.98,199.7899932861328,102.95999908447266,5175.27001953125,77.55999755859375
2024-03-11,2183.69,202.0,102.87000274658203,5117.93994140625,77.93000030517578
2024-03-08,2179.06,201.6300048828125,102.73999786376953,5123.68994140625,78.01000213623047
2024-03-07,2161.99,199.94000244140625,102.81999969482422,5157.35986328125,78.93000030517578
2024-03-06,2147.38,198.80999755859375,103.37000274658203,5104.759765625,79.12999725341797
2024-03-05,2128.13,197.19000244140625,103.80000305175781,5078.64990234375,78.1500015258789
2024-03-04,2114.66,196.00999450683594,103.83000183105469,5130.9501953125,78.73999786376953
2024-03-01,2083.1,192.88999938964844,103.86000061035156,5137.080078125,79.97000122070312
2024-02-29,2044.32,189.30999755859375,104.16000366210938,5096.27001953125,78.26000213623047
2024-02-28,2034.75,188.33999633789062,103.9800033569336,5069.759765625,78.54000091552734
2024-02-27,2030.2,188.0,103.83000183105469,5078.18017578125,78.87000274658203
2024-02-26,2031.31,188.1999969482422,103.83000183105469,5069.52978515625,77.58000183105469
2024-02-23,2035.6,188.6199951171875,103.94000244140625,5088.7998046875,76.48999786376953
2024-02-22,2024.86,187.55999755859375,103.95999908447266,5087.02978515625,78.61000061035156
2024-02-21,2025.85,187.47999572753906,104.01000213623047,4981.7998046875,77.91000366210938
2024-02-20,2024.24,187.47000122070312,104.08000183105469,4975.509765625,78.18000030517578
2024-02-16,2013.35,186.33999633789062,104.30000305175781,5005.56982421875,79.19000244140625
2024-02-15,2003.51,185.66000366210938,104.30000305175781,5029.72998046875,78.02999877929688
2024-02-14,1993.83,184.4199981689453,104.72000122070312,5000.6201171875,76.63999938964844
2024-02-13,1991.56,184.52999877929688,104.95999908447266,4953.169921875,77.87000274658203
2024-02-12,2018.94,187.11000061035156,104.16999816894531,5021.83984375,76.91999816894531
2024-02-09,2024.35,187.60000610351562,104.08000183105469,5026.60986328125,76.83999633789062
2024-02-08,2034.35,188.3300018310547,104.1500015258789,4997.91015625,76.22000122070312
2024-02-07,2036.6,188.5,104.04000091552734,4995.06005859375,73.86000061035156
2024-02-06,2035.31,188.5500030517578,104.18000030517578,4954.22998046875,73.30999755859375
2024-02-05,2025.15,187.57000732421875,104.44999694824219,4942.81005859375,72.77999877929688
2024-02-02,2039.67,188.61000061035156,103.91999816894531,4958.60986328125,72.27999877929688
2024-02-01,2054.89,190.41000366210938,103.05000305175781,4906.18994140625,73.81999969482422
2024-01-31,2039.99,188.4499969482422,103.2699966430664,4845.64990234375,75.8499984741211
2024-01-30,2036.53,188.58999633789062,103.4000015258789,4924.97021484375,77.81999969482422
2024-01-29,2031.16,188.3300018310547,103.61000061035156,4927.93017578125,76.77999877929688
2024-01-26,2018.51,187.00999450683594,103.47000122070312,4890.97021484375,78.01000213623047
2024-01-25,2020.75,187.13999938964844,103.56999969482422,4894.16015625,77.36000061035156
2024-01-24,2016.41,186.39999389648438,103.23999786376953,4868.5498046875,75.08999633789062
2024-01-23,2029.42,187.9499969482422,103.62000274658203,4864.60009765625,74.37000274658203
2024-01-22,2020.8,187.22000122070312,103.33000183105469,4850.43017578125,75.19000244140625
2024-01-19,2029.6,187.92999267578125,103.29000091552734,4839.81005859375,73.41000366210938
2024-01-18,2023.9,187.3699951171875,103.54000091552734,4780.93994140625,74.08000183105469
2024-01-17,2009.63,185.83999633789062,103.44999694824219,4739.2099609375,72.55999755859375
2024-01-16,2028.21,187.91000366210938,103.36000061035156,4765.97998046875,72.4000015258789
2024-01-12,2048.99,189.7100067138672,102.4000015258789,4783.830078125,72.68000030517578
2024-01-11,2035.41,187.8699951171875,102.29000091552734,4780.240234375,72.0199966430664
2024-01-10,2026.82,187.5,102.36000061035156,4783.4501953125,71.37000274658203
2024-01-09,2030.89,187.92999267578125,102.56999969482422,4756.5,72.23999786376953
2024-01-08,2030.77,187.8699951171875,102.20999908447266,4763.5400390625,70.7699966430664
2024-01-05,2045.53,189.35000610351562,102.41000366210938,4697.240234375,73.80999755859375
2024-01-04,2044.34,189.32000732421875,102.41999816894531,4688.68017578125,72.19000244140625
2024-01-03,2043.07,189.1300048828125,102.45999908447266,4704.81005859375,72.69999694824219
2024-01-02,2059.64,190.72000122070312,102.19999694824219,4742.830078125,70.37999725341797
2023-12-29,2062.96,191.1699981689453,101.33000183105469,4769.830078125,71.6500015258789
2023-12-28,2066.89,191.47000122070312,101.2300033569336,4783.35009765625,71.7699966430664
2023-12-27,2079.58,192.58999633789062,100.98999786376953,4781.580078125,74.11000061035156
2023-12-26,2066.28,191.72000122070312,101.47000122070312,4774.75,75.56999969482422
2023-12-22,2053.15,190.27000427246094,101.69999694824219,4754.6298828125,73.55999755859375
2023-12-21,2052.88,189.42999267578125,101.83999633789062,4746.75,73.88999938964844
2023-12-20,2032.24,188.10000610351562,102.41000366210938,4698.35009765625,74.22000122070312
2023-12-19,2041.0,189.1300048828125,102.16999816894531,4768.3701171875,73.44000244140625
2023-12-18,2027.72,187.85000610351562,102.51000213623047,4740.56005859375,72.47000122070312
2023-12-15,2019.6,187.0,102.55000305175781,4719.18994140625,71.43000030517578
2023-12-14,2035.64,188.72999572753906,101.95999908447266,4719.5498046875,71.58000183105469
2023-12-13,2032.93,187.6300048828125,102.87000274658203,4707.08984375,69.47000122070312
2023-12-12,1982.6,183.49000549316406,103.87000274658203,4643.7001953125,68.61000061035156
2023-12-11,1983.04,183.58999633789062,104.0999984741211,4622.43994140625,71.31999969482422
2023-12-08,2004.49,185.63999938964844,104.01000213623047,4604.3701171875,71.2300033569336
2023-12-07,2028.17,188.14999389648438,103.54000091552734,4585.58984375,69.33999633789062
2023-12-06,2027.17,187.83999633789062,104.1500015258789,4549.33984375,69.37999725341797
2023-12-05,2019.02,187.14999389648438,104.05000305175781,4567.18017578125,72.31999969482422
2023-12-04,2034.06,187.86000061035156,103.63999938964844,4569.77978515625,73.04000091552734
2023-12-01,2071.83,192.00999450683594,103.2699966430664,4594.6298828125,74.06999969482422
2023-11-30,2040.19,188.75,103.5,4567.7998046875,75.95999908447266
2023-11-29,2044.72,189.5399932861328,102.7699966430664,4550.580078125,77.86000061035156
2023-11-28,2044.51,189.25999450683594,102.75,4554.89013671875,76.41000366210938
2023-11-27,2015.36,186.77000427246094,103.19999694824219,4550.43017578125,74.86000061035156
2023-11-24,2002.61,185.52000427246094,103.4000015258789,4559.33984375,75.54000091552734
2023-11-22,1990.58,184.55999755859375,103.91999816894531,4556.6201171875,77.0999984741211
2023-11-21,1999.42,185.35000610351562,103.56999969482422,4538.18994140625,77.7699966430664
2023-11-20,1981.34,183.3699951171875,103.47000122070312,4547.3798828125,77.5999984741211
2023-11-17,1980.66,183.6699981689453,103.81999969482422,4514.02001953125,75.88999938964844
2023-11-16,1982.69,183.69000244140625,104.37000274658203,4508.240234375,72.9000015258789
2023-11-15,1960.42,181.63999938964844,104.38999938964844,4502.8798828125,76.66000366210938
2023-11-14,1962.54,182.1199951171875,104.11000061035156,4495.7001953125,78.26000213623047
2023-11-13,1946.56,180.50999450683594,105.66000366210938,4411.5498046875,78.26000213623047
2023-11-10,1938.38,179.50999450683594,105.86000061035156,4415.240234375,77.16999816894531
2023-11-09,1959.19,181.49000549316406,105.91000366210938,4347.35009765625,75.73999786376953
2023-11-08,1950.91,180.77000427246094,105.58999633789062,4382.77978515625,75.33000183105469
2023-11-07,1969.04,182.58999633789062,105.54000091552734,4378.3798828125,77.37000274658203
2023-11-06,1976.84,183.35000610351562,105.22000122070312,4365.97998046875,80.81999969482422
2023-11-03,1992.71,184.7899932861328,105.0199966430664,4358.33984375,80.51000213623047
2023-11-02,1985.06,184.1199951171875,106.12000274658203,4317.77978515625,82.45999908447266
2023-11-01,1985.16,183.50999450683594,106.87999725341797,4237.85986328125,80.44000244140625
2023-10-31,1983.77,184.08999633789062,106.66000366210938,4193.7998046875,81.0199966430664
2023-10-30,1995.63,185.10000610351562,106.12000274658203,4166.81982421875,82.30999755859375
2023-10-27,2006.11,186.14999389648438,106.55999755859375,4117.3701171875,85.54000091552734
2023-10-26,1984.49,184.00999450683594,106.5999984741211,4137.22998046875,83.20999908447266
2023-10-25,1983.05,183.72000122070312,106.52999877929688,4186.77001953125,85.38999938964844
2023-10-24,1972.95,182.9499969482422,106.2699966430664,4247.68017578125,83.73999786376953
2023-10-23,1973.66,182.97000122070312,105.54000091552734,4217.0400390625,85.48999786376953
2023-10-20,1980.9,183.58999633789062,106.16000366210938,4224.16015625,88.75
2023-10-19,1977.29,183.08999633789062,106.25,4278.0,89.37000274658203
2023-10-18,1950.89,180.8699951171875,106.56999969482422,4314.60009765625,88.31999969482422
2023-10-17,1924.78,178.2899932861328,106.25,4373.2001953125,86.66000366210938
2023-10-16,1919.47,177.9600067138672,106.23999786376953,4373.6298828125,86.66000366210938
2023-10-13,1932.3,178.8300018310547,106.6500015258789,4327.77978515625,87.69000244140625
2023-10-12,1870.65,173.25999450683594,106.56999969482422,4349.60986328125,82.91000366210938
2023-10-11,1875.38,173.7899932861328,105.81999969482422,4376.9501953125,83.48999786376953
2023-10-10,1859.75,172.52999877929688,105.83000183105469,4358.240234375,85.97000122070312
2023-10-09,1862.63,172.82000732421875,106.08000183105469,4335.66015625,86.37999725341797
2023-10-06,1831.99,169.6999969482422,106.04000091552734,4308.5,82.79000091552734
2023-10-05,1821.38,168.8300018310547,106.33000183105469,4258.18994140625,82.30999755859375
2023-10-04,1822.6,169.13999938964844,106.80000305175781,4263.75,84.22000122070312
2023-10-03,1823.42,169.16000366210938,107.0,4229.4501953125,89.2300033569336
2023-10-02,1825.05,169.64999389648438,106.9000015258789,4288.39013671875,88.81999969482422
2023-09-29,1848.92,171.4499969482422,106.16999816894531,4288.0498046875,90.79000091552734
2023-09-28,1866.79,173.22999572753906,106.22000122070312,4299.7001953125,91.70999908447266
2023-09-27,1877.63,174.10000610351562,106.66999816894531,4274.509765625,93.68000030517578
2023-09-26,1901.66,176.27999877929688,106.2300033569336,4273.52978515625,90.38999938964844
2023-09-25,1916.33,177.6999969482422,106.0,4337.43994140625,89.68000030517578
2023-09-22,1925.35,178.6199951171875,105.58000183105469,4320.06005859375,90.02999877929688
2023-09-21,1921.47,178.0500030517578,105.36000061035156,4330.0,89.62999725341797
2023-09-20,1929.52,179.35000610351562,105.16000366210938,4402.2001953125,90.27999877929688
2023-09-19,1931.42,179.22000122070312,105.19999694824219,4443.9501953125,91.19999694824219
2023-09-18,1934.16,179.38999938964844,105.19999694824219,4453.52978515625,91.4800033569336
2023-09-15,1923.96,178.33999633789062,105.31999969482422,4450.31982421875,90.7699966430664
2023-09-14,1909.91,177.1699981689453,105.41000366210938,4505.10009765625,90.16000366210938
2023-09-13,1909.3,177.0800018310547,104.7699966430664,4467.43994140625,88.5199966430664
2023-09-12,1912.96,177.49000549316406,104.70999908447266,4461.89990234375,88.83999633789062
2023-09-11,1921.72,178.41000366210938,104.56999969482422,4487.4599609375,87.29000091552734
2023-09-08,1919.06,178.0800018310547,105.08999633789062,4457.490234375,87.51000213623047
2023-09-07,1920.38,178.02000427246094,105.05999755859375,4451.14013671875,86.87000274658203
2023-09-06,1917.18,177.8300018310547,104.86000061035156,4465.47998046875,87.54000091552734
2023-09-05,1926.67,178.63999938964844,104.80999755859375,4496.830078125,86.69000244140625
2023-09-01,1939.76,180.11000061035156,104.23999786376953,4515.77001953125,85.55000305175781
2023-08-31,1939.8,180.02000427246094,103.62000274658203,4507.66015625,83.62999725341797
2023-08-30,1944.27,180.32000732421875,103.16000366210938,4514.8701171875,81.62999725341797
2023-08-29,1936.43,179.8699951171875,103.55000305175781,4497.6298828125,81.16000366210938
2023-08-28,1921.13,178.1300048828125,104.05999755859375,4433.31005859375,80.0999984741211
2023-08-25,1914.59,177.6199951171875,104.08000183105469,4405.7099609375,79.83000183105469
2023-08-24,1915.88,177.85000610351562,103.9800033569336,4376.31005859375,79.05000305175781
2023-08-23,1917.91,177.88999938964844,103.36000061035156,4436.009765625,78.88999938964844
2023-08-22,1898.57,176.10000610351562,103.55999755859375,4387.5498046875,80.3499984741211
2023-08-21,1894.82,175.80999755859375,103.33000183105469,4399.77001953125,80.72000122070312
2023-08-18,1889.57,175.3300018310547,103.37999725341797,4369.7099609375,81.25
2023-08-17,1891.35,175.3000030517578,103.44000244140625,4370.35986328125,80.38999938964844
2023-08-16,1893.4,175.57000732421875,103.41999816894531,4404.330078125,79.37999725341797
2023-08-15,1901.52,176.58999633789062,103.20999908447266,4437.85986328125,80.98999786376953
2023-08-14,1907.68,177.05999755859375,103.19000244140625,4489.72021484375,82.51000213623047
2023-08-11,1913.91,177.60000610351562,102.83999633789062,4464.0498046875,83.19000244140625
2023-08-10,1912.47,177.60000610351562,102.5199966430664,4468.830078125,82.81999969482422
2023-08-09,1916.79,177.7899932861328,102.48999786376953,4467.7099609375,84.4000015258789
2023-08-08,1925.67,178.63999938964844,102.52999877929688,4499.3798828125,82.91999816894531
2023-08-07,1936.83,179.77999877929688,102.05000305175781,4518.43994140625,81.94000244140625
2023-08-04,1942.58,180.19000244140625,102.0199966430664,4478.02978515625,82.81999969482422
2023-08-03,1935.84,179.5399932861328,102.54000091552734,4501.89013671875,81.55000305175781
2023-08-02,1936.11,179.60000610351562,102.58999633789062,4513.39013671875,79.48999786376953
2023-08-01,1952.23,180.4600067138672,102.30000305175781,4576.72998046875,81.37000274658203
2023-07-31,1964.02,182.35000610351562,101.86000061035156,4588.9599609375,81.80000305175781
2023-07-28,1959.25,181.86000061035156,101.62000274658203,4582.22998046875,80.58000183105469
2023-07-27,1947.54,180.4199981689453,101.7699966430664,4537.41015625,80.08999633789062
2023-07-26,1972.09,183.3000030517578,100.88999938964844,4566.75,78.77999877929688
2023-07-25,1965.38,182.41000366210938,101.3499984741211,4567.4599609375,79.62999725341797
2023-07-24,1954.51,181.39999389648438,101.3499984741211,4554.64013671875,78.73999786376953
2023-07-21,1961.97,182.17999267578125,101.06999969482422,4536.33984375,77.06999969482422
2023-07-20,1972.32,182.74000549316406,100.87999725341797,4534.8701171875,75.62999725341797
2023-07-19,1977.81,183.6699981689453,100.27999877929688,4565.72021484375,75.3499984741211
2023-07-18,1977.58,183.63999938964844,99.94000244140625,4554.97998046875,75.75
2023-07-17,1955.49,181.55999755859375,99.83999633789062,4522.7900390625,74.1500015258789
2023-07-14,1955.33,181.42999267578125,99.91000366210938,4505.419921875,75.41999816894531
2023-07-13,1960.2,182.00999450683594,99.7699966430664,4510.0400390625,76.88999938964844
2023-07-12,1957.81,181.8800048828125,100.5199966430664,4472.16015625,75.75
2023-07-11,1933.38,179.4499969482422,101.7300033569336,4439.259765625,74.83000183105469
2023-07-10,1924.92,178.77999877929688,101.97000122070312,4409.52978515625,72.98999786376953
2023-07-07,1925.5,178.63999938964844,102.2699966430664,4398.9501953125,73.86000061035156
2023-07-06,1911.66,177.30999755859375,103.16999816894531,4411.58984375,71.80000305175781
2023-07-05,1916.88,177.83999633789062,103.37000274658203,4446.81982421875,71.79000091552734
2023-07-03,1921.28,178.47000122070312,102.98999786376953,4455.58984375,69.79000091552734
2023-06-30,1919.44,178.27000427246094,102.91000366210938,4450.3798828125,70.63999938964844
2023-06-29,1908.8,177.08999633789062,103.33999633789062,4396.43994140625,69.86000061035156
2023-06-28,1909.79,177.27999877929688,102.91000366210938,4376.85986328125,69.55999755859375
2023-06-27,1915.56,177.69000244140625,102.48999786376953,4378.41015625,67.69999694824219
2023-06-26,1922.58,178.50999450683594,102.69000244140625,4328.81982421875,69.37000274658203
2023-06-23,1921.24,178.1999969482422,102.9000015258789,4348.330078125,69.16000366210938
2023-06-22,1914.56,177.7100067138672,102.38999938964844,4381.89013671875,69.51000213623047
2023-06-21,1933.94,179.49000549316406,102.06999969482422,4365.68994140625,72.52999877929688
2023-06-20,1937.36,179.75,102.54000091552734,4388.7099609375,70.5
2023-06-16,1957.59,181.6300048828125,102.30000305175781,4409.58984375,71.77999877929688
2023-06-15,1958.32,181.91000366210938,102.12000274658203,4425.83984375,70.62000274658203
2023-06-14,1945.31,180.63999938964844,103.01000213623047,4372.58984375,68.2699966430664
2023-06-13,1944.0,180.5399932861328,103.33999633789062,4369.009765625,69.41999816894531
2023-06-12,1960.06,181.8800048828125,103.62999725341797,4338.93017578125,67.12000274658203
2023-06-09,1960.75,182.0399932861328,103.55999755859375,4298.85986328125,70.16999816894531
2023-06-08,1965.41,182.52999877929688,103.33999633789062,4293.93017578125,71.29000091552734
2023-06-07,1944.53,180.14999389648438,104.0999984741211,4267.52001953125,72.52999877929688
2023-06-06,1963.43,182.33999633789062,104.12999725341797,4283.85009765625,71.73999786376953
2023-06-05,1961.32,182.13999938964844,104.0,4273.7900390625,72.1500015258789
2023-06-02,1948.05,181.0500030517578,104.0199966430664,4282.3701171875,71.73999786376953
2023-06-01,1977.13,183.75999450683594,103.55999755859375,4221.02001953125,70.0999984741211
2023-05-31,1966.39,182.32000732421875,104.31999969482422,4179.830078125,68.08999633789062
2023-05-30,1958.62,182.0399932861328,104.16999816894531,4205.52001953125,69.45999908447266
2023-05-26,1946.84,180.9199981689453,104.20999908447266,4205.4501953125,72.66999816894531
2023-05-25,1940.58,180.1999969482422,104.20999908447266,4151.27978515625,71.83000183105469
2023-05-24,1959.85,181.9499969482422,103.88999938964844,4115.240234375,74.33999633789062
2023-05-23,1975.12,183.42999267578125,103.48999786376953,4145.580078125,72.91000366210938
2023-05-22,1969.89,183.2100067138672,103.19999694824219,4192.6298828125,71.98999786376953
2023-05-19,1977.75,183.63999938964844,103.19999694824219,4191.97998046875,71.55000305175781
2023-05-18,1958.49,181.83999633789062,103.58000183105469,4198.0498046875,71.86000061035156
2023-05-17,1982.84,184.22999572753906,102.87999725341797,4158.77001953125,72.83000183105469
2023-05-16,1989.76,184.8699951171875,102.55999755859375,4109.89990234375,70.86000061035156
2023-05-15,2014.49,187.2100067138672,102.43000030517578,4136.27978515625,71.11000061035156
2023-05-12,2011.04,186.80999755859375,102.68000030517578,4124.080078125,70.04000091552734
2023-05-11,2016.45,187.1300048828125,102.05999755859375,4130.6201171875,70.87000274658203
2023-05-10,2031.51,188.75,101.4800033569336,4137.64013671875,72.55999755859375
2023-05-09,2036.38,189.02000427246094,101.61000061035156,4119.169921875,73.70999908447266
2023-05-08,2021.385,187.69000244140625,101.37000274658203,4138.1201171875,73.16000366210938
2023-05-05,2016.79,187.4600067138672,101.20999908447266,4136.25,71.33999633789062
2023-05-04,2050.01,190.44000244140625,101.4000015258789,4061.219970703125,68.55999755859375
2023-05-03,2052.03,189.11000061035156,101.33999633789062,4090.75,68.5999984741211
2023-05-02,2016.0,187.52000427246094,101.95999908447266,4119.580078125,71.66000366210938
2023-05-01,1981.475,183.97000122070312,102.1500015258789,4167.8701171875,75.66000366210938
2023-04-28,1989.53,184.8000030517578,101.66999816894531,4169.47998046875,76.77999877929688
2023-04-27,1986.99,184.75,101.5,4135.35009765625,74.76000213623047
2023-04-26,1991.76,184.74000549316406,101.47000122070312,4055.989990234375,74.30000305175781
2023-04-25,2000.28,185.75,101.86000061035156,4071.6298828125,77.06999969482422
2023-04-24,1995.095,184.80999755859375,101.3499984741211,4137.0400390625,78.76000213623047
2023-04-21,1983.04,184.25,101.81999969482422,4133.52001953125,77.87000274658203
2023-04-20,2005.34,186.08999633789062,101.83999633789062,4129.7900390625,77.29000091552734
2023-04-19,1993.74,185.36000061035156,101.97000122070312,4154.52001953125,79.16000366210938
2023-04-18,2005.84,186.25,101.75,4154.8701171875,80.86000061035156
2023-04-17,1993.99,185.52999877929688,102.0999984741211,4151.31982421875,80.83000183105469
2023-04-14,2004.38,186.36000061035156,101.55000305175781,4137.64013671875,82.5199966430664
2023-04-13,2039.78,189.72000122070312,101.01000213623047,4146.22021484375,82.16000366210938
2023-04-12,2018.25,187.19000244140625,101.5,4091.949951171875,83.26000213623047
2023-04-11,2004.795,186.27999877929688,102.19999694824219,4108.93994140625,81.52999877929688
2023-04-10,1992.485,185.11000061035156,102.58000183105469,4109.10986328125,79.73999786376953
2023-04-06,2007.445,186.49000549316406,101.81999969482422,4105.02001953125,80.69999694824219
2023-04-05,2020.325,187.8300018310547,101.8499984741211,4090.3798828125,80.61000061035156
2023-04-04,2021.81,187.97999572753906,101.58999633789062,4100.60009765625,80.70999908447266
2023-04-03,1985.015,184.5399932861328,102.08999633789062,4124.509765625,80.41999816894531
2023-03-31,1969.5,183.22000122070312,102.51000213623047,4109.31005859375,75.66999816894531
2023-03-30,1978.55,184.17999267578125,102.13999938964844,4050.830078125,74.37000274658203
2023-03-29,1963.295,182.52999877929688,102.63999938964844,4027.81005859375,72.97000122070312
2023-03-28,1972.005,183.44000244140625,102.43000030517578,3971.27001953125,73.19999694824219
2023-03-27,1958.18,181.9499969482422,102.86000061035156,3977.530029296875,72.80999755859375
2023-03-24,1978.915,183.64999389648438,103.12000274658203,3970.989990234375,69.26000213623047
2023-03-23,1991.405,185.74000549316406,102.52999877929688,3948.719970703125,69.95999908447266
2023-03-22,1969.745,183.44000244140625,102.3499984741211,3936.969970703125,70.9000015258789
2023-03-21,1943.215,180.3699951171875,103.26000213623047,4002.8701171875,69.33000183105469
2023-03-20,1976.705,183.83999633789062,103.27999877929688,3951.570068359375,67.63999938964844
2023-03-17,1988.24,183.77000427246094,103.70999908447266,3916.639892578125,66.73999786376953
2023-03-16,1921.41,178.57000732421875,104.41999816894531,3960.280029296875,68.3499984741211
2023-03-15,1921.25,178.2100067138672,104.6500015258789,3891.929931640625,67.61000061035156
2023-03-14,1903.165,176.8300018310547,103.5999984741211,3919.2900390625,71.33000183105469
2023-03-13,1912.125,177.86000061035156,103.5999984741211,3855.760009765625,74.80000305175781
2023-03-10,1867.19,173.8699951171875,104.58000183105469,3861.590087890625,76.68000030517578
2023-03-09,1831.645,170.1999969482422,105.30999755859375,3918.320068359375,75.72000122070312
2023-03-08,1815.29,168.5399932861328,105.66000366210938,3992.010009765625,76.66000366210938
2023-03-07,1814.01,168.6199951171875,105.62000274658203,3986.3701171875,77.58000183105469
2023-03-06,1846.44,171.6199951171875,104.3499984741211,4048.419921875,80.45999908447266
2023-03-03,1855.375,172.49000549316406,104.5199966430664,4045.639892578125,79.68000030517578
2023-03-02,1837.915,170.66000366210938,105.02999877929688,3981.35009765625,78.16000366210938
2023-03-01,1836.675,170.75999450683594,104.4800033569336,3951.389892578125,77.69000244140625
2023-02-28,1825.675,169.77999877929688,104.87000274658203,3970.14990234375,77.05000305175781
2023-02-27,1817.23,169.00999450683594,104.66999816894531,3982.239990234375,75.68000030517578
2023-02-24,1810.86,168.35000610351562,105.20999908447266,3970.0400390625,76.31999969482422
2023-02-23,1823.275,169.57000732421875,104.5999984741211,4012.320068359375,75.38999938964844
2023-02-22,1825.2,169.66000366210938,104.58999633789062,3991.050048828125,73.94999694824219
2023-02-21,1835.62,170.6199951171875,104.18000030517578,3997.340087890625,76.16000366210938
2023-02-17,1842.7,171.25999450683594,103.86000061035156,4079.090087890625,76.33999633789062
2023-02-16,1834.42,170.75,103.86000061035156,4090.409912109375,78.48999786376953
2023-02-15,1836.465,170.88999938964844,103.91999816894531,4147.60009765625,78.58999633789062
2023-02-14,1854.975,172.61000061035156,103.2300033569336,4136.1298828125,79.05999755859375
2023-02-13,1854.43,172.47999572753906,103.3499984741211,4137.2900390625,80.13999938964844
2023-02-10,1865.44,173.36000061035156,103.62999725341797,4090.4599609375,79.72000122070312
2023-02-09,1862.41,173.02999877929688,103.22000122070312,4081.5,78.05999755859375
2023-02-08,1875.045,174.41000366210938,103.41000366210938,4117.85986328125,78.47000122070312
2023-02-07,1873.02,173.97999572753906,103.43000030517578,4164.0,77.13999938964844
2023-02-06,1868.55,173.82000732421875,103.62000274658203,4111.080078125,74.11000061035156
2023-02-03,1865.825,173.4600067138672,102.91999816894531,4136.47998046875,73.38999938964844
2023-02-02,1915.07,177.89999389648438,101.75,4179.759765625,75.87999725341797
2023-02-01,1953.215,181.6699981689453,101.22000122070312,4119.2099609375,76.41000366210938
2023-01-31,1927.615,179.41000366210938,102.0999984741211,4076.60009765625,78.87000274658203
2023-01-30,1922.06,178.75999450683594,102.27999877929688,4017.77001953125,77.9000015258789
2023-01-27,1928.41,179.22000122070312,101.93000030517578,4070.56005859375,79.68000030517578
2023-01-26,1930.795,179.47000122070312,101.83999633789062,4060.429931640625,81.01000213623047
2023-01-25,1948.7,181.11000061035156,101.63999938964844,4016.219970703125,80.1500015258789
2023-01-24,1937.045,180.27999877929688,101.91999816894531,4016.949951171875,80.12999725341797
2023-01-23,1931.39,179.6300048828125,102.13999938964844,4019.81005859375,81.62000274658203
2023-01-20,1925.98,179.2899932861328,102.01000213623047,3972.610107421875,81.30999755859375
2023-01-19,1931.8,179.88999938964844,102.05999755859375,3898.85009765625,80.33000183105469
2023-01-18,1906.86,177.0800018310547,102.36000061035156,3928.860107421875,79.4800033569336
2023-01-17,1908.7,177.58999633789062,102.38999938964844,3990.969970703125,80.18000030517578
2023-01-13,1920.56,178.75999450683594,102.19999694824219,3999.090087890625,79.86000061035156
2023-01-12,1898.115,176.63999938964844,102.25,3983.169921875,78.38999938964844
2023-01-11,1876.985,174.6199951171875,103.19000244140625,3969.610107421875,77.41000366210938
2023-01-10,1877.2,174.74000549316406,103.23999786376953,3919.25,75.12000274658203
2023-01-09,1870.57,174.10000610351562,103.0,3892.090087890625,74.62999725341797
2023-01-06,1866.22,173.7100067138672,103.87999725341797,3895.080078125,73.7699966430664
2023-01-05,1832.965,170.52000427246094,105.04000091552734,3808.10009765625,73.66999816894531
2023-01-04,1854.935,172.6699981689453,104.25,3852.969970703125,72.83999633789062
2023-01-03,1836.655,171.05999755859375,104.5199966430664,3824.139892578125,76.93000030517578
2022-12-30,1823.54,169.63999938964844,103.5199966430664,3839.5,80.26000213623047
2022-12-29,1815.16,168.85000610351562,103.83999633789062,3849.280029296875,78.4000015258789
2022-12-28,1805.875,167.91000366210938,104.45999908447266,3783.219970703125,78.95999908447266
2022-12-27,1812.475,168.6699981689453,104.18000030517578,3829.25,79.52999877929688
2022-12-23,1798.595,167.25999450683594,104.30999755859375,3844.820068359375,79.55999755859375
2022-12-22,1793.51,166.75999450683594,104.43000030517578,3822.389892578125,77.48999786376953
2022-12-21,1814.97,168.8000030517578,104.16000366210938,3878.43994140625,78.29000091552734
2022-12-20,1817.25,169.0800018310547,103.97000122070312,3821.6201171875,76.08999633789062
2022-12-19,1787.325,166.32000732421875,104.72000122070312,3817.659912109375,75.19000244140625
2022-12-16,1793.01,166.7899932861328,104.69999694824219,3852.360107421875,74.29000091552734
2022-12-15,1776.565,165.35000610351562,104.55999755859375,3895.75,76.11000061035156
2022-12-14,1807.715,168.10000610351562,103.7699966430664,3995.320068359375,77.27999877929688
2022-12-13,1809.735,168.50999450683594,103.9800033569336,4019.64990234375,75.38999938964844
2022-12-12,1782.045,165.67999267578125,105.12999725341797,3990.56005859375,73.16999816894531
2022-12-09,1797.625,167.05999755859375,104.80999755859375,3934.3798828125,71.0199966430664
2022-12-08,1789.275,166.47000122070312,104.7699966430664,3963.510009765625,71.45999908447266
2022-12-07,1786.97,166.3300018310547,105.0999984741211,3933.919921875,72.01000213623047
2022-12-06,1770.99,164.83999633789062,105.58000183105469,3941.260009765625,74.25
2022-12-05,1769.67,164.38999938964844,105.29000091552734,3998.840087890625,76.93000030517578
2022-12-02,1798.065,167.25999450683594,104.55000305175781,4071.699951171875,79.9800033569336
2022-12-01,1802.325,167.83999633789062,104.7300033569336,4076.570068359375,81.22000122070312
2022-11-30,1773.42,164.80999755859375,105.94999694824219,4080.110107421875,80.55000305175781
2022-11-29,1749.015,162.72999572753906,106.81999969482422,3957.6298828125,78.19999694824219
2022-11-28,1741.31,161.92999267578125,106.68000030517578,3963.93994140625,77.23999786376953
2022-11-25,1754.79,163.22000122070312,105.95999908447266,4026.1201171875,76.27999877929688
2022-11-23,1752.345,163.0800018310547,106.08000183105469,4027.260009765625,77.94000244140625
2022-11-22,1741.22,162.07000732421875,107.22000122070312,4003.580078125,80.94999694824219
2022-11-21,1738.635,161.8800048828125,107.83999633789062,3949.93994140625,79.7300033569336
2022-11-18,1751.17,162.7899932861328,106.93000030517578,3965.340087890625,80.08000183105469
2022-11-17,1760.19,163.9199981689453,106.69000244140625,3946.56005859375,81.63999938964844
2022-11-16,1773.945,165.1199951171875,106.27999877929688,3958.7900390625,85.58999633789062
2022-11-15,1780.82,165.5,106.4000015258789,3991.72998046875,86.91999816894531
2022-11-14,1769.59,164.9199981689453,106.66000366210938,3957.25,85.87000274658203
2022-11-11,1771.205,164.55999755859375,106.29000091552734,3992.929931640625,88.95999908447266
2022-11-10,1752.3,163.47999572753906,108.20999908447266,3956.3701171875,86.47000122070312
2022-11-09,1706.53,158.64999389648438,110.55000305175781,3748.570068359375,85.83000183105469
2022-11-08,1711.68,159.4499969482422,109.62000274658203,3828.110107421875,88.91000366210938
2022-11-07,1674.175,155.85000610351562,110.12000274658203,3806.800048828125,91.79000091552734
2022-11-04,1680.935,156.47000122070312,110.87999725341797,3770.550048828125,92.61000061035156
2022-11-03,1629.845,151.80999755859375,112.93000030517578,3719.889892578125,88.16999816894531
2022-11-02,1633.77,152.38999938964844,111.3499984741211,3759.68994140625,90.0
2022-11-01,1646.885,153.4600067138672,111.4800033569336,3856.10009765625,88.37000274658203
2022-10-31,1632.575,151.91000366210938,111.52999877929688,3871.97998046875,86.52999877929688
2022-10-28,1644.695,153.16000366210938,110.66999816894531,3901.06005859375,87.9000015258789
2022-10-27,1661.99,154.74000549316406,110.58999633789062,3807.300048828125,89.08000183105469
2022-10-26,1667.605,154.97999572753906,109.69999694824219,3830.60009765625,87.91000366210938
2022-10-25,1652.855,154.0,110.94999694824219,3859.110107421875,85.31999969482422
2022-10-24,1651.86,153.64999389648438,111.98999786376953,3797.340087890625,84.58000183105469
2022-10-21,1658.04,154.14999389648438,112.01000213623047,3752.75,85.05000305175781
2022-10-19,1628.99,151.69000244140625,112.9800033569336,3695.159912109375,85.55000305175781
2022-10-18,1652.42,153.75,112.12999725341797,3719.97998046875,82.81999969482422
2022-10-17,1650.77,153.4199981689453,112.04000091552734,3677.949951171875,85.45999908447266
2022-10-14,1644.385,152.97999572753906,113.30999755859375,3583.070068359375,85.61000061035156
2022-10-13,1663.49,154.91000366210938,112.36000061035156,3669.909912109375,89.11000061035156
2022-10-12,1674.545,155.99000549316406,113.31999969482422,3577.030029296875,87.2699966430664
2022-10-11,1664.18,155.16000366210938,113.22000122070312,3588.840087890625,89.3499984741211
2022-10-10,1670.2,155.47999572753906,113.13999938964844,3612.389892578125,91.12999725341797
2022-10-07,1695.42,157.8800048828125,112.80000305175781,3639.659912109375,92.63999938964844
2022-10-06,1711.94,159.6300048828125,112.26000213623047,3744.52001953125,88.44999694824219
2022-10-05,1718.47,159.80999755859375,111.06999969482422,3783.280029296875,87.76000213623047
2022-10-04,1725.64,160.6999969482422,110.06999969482422,3790.929931640625,86.5199966430664
2022-10-03,1701.11,158.42999267578125,111.75,3678.429931640625,83.62999725341797
2022-09-30,1661.36,154.6699981689453,112.12000274658203,3585.6201171875,79.48999786376953
2022-09-29,1664.685,154.66000366210938,112.25,3640.469970703125,81.2300033569336
2022-09-28,1656.16,154.69000244140625,112.5999984741211,3719.0400390625,82.1500015258789
2022-09-27,1628.945,151.5399932861328,114.11000061035156,3647.2900390625,78.5
2022-09-26,1627.73,151.22999572753906,114.0999984741211,3655.0400390625,76.70999908447266
2022-09-23,1644.05,153.00999450683594,113.19000244140625,3693.22998046875,78.73999786376953
2022-09-22,1672.82,155.6999969482422,111.3499984741211,3757.989990234375,83.48999786376953
2022-09-21,1667.14,155.7899932861328,110.63999938964844,3789.929931640625,82.94000244140625
2022-09-20,1666.485,155.07000732421875,110.22000122070312,3855.929931640625,84.44999694824219
2022-09-19,1675.86,155.9600067138672,109.73999786376953,3899.889892578125,85.7300033569336
2022-09-16,1675.345,155.83999633789062,109.76000213623047,3873.330078125,85.11000061035156
2022-09-15,1662.375,154.97999572753906,109.73999786376953,3901.35009765625,85.0999984741211
2022-09-14,1697.575,157.92999267578125,109.66000366210938,3946.010009765625,88.4800033569336
2022-09-13,1702.23,158.5399932861328,109.81999969482422,3932.68994140625,87.30999755859375
2022-09-12,1725.35,160.6300048828125,108.33000183105469,4110.41015625,87.77999877929688
2022-09-09,1717.305,159.82000732421875,109.0,4067.360107421875,86.79000091552734
2022-09-08,1710.965,158.97999572753906,109.70999908447266,4006.179931640625,83.54000091552734
2022-09-07,1716.655,159.94000244140625,109.83999633789062,3979.8701171875,81.94000244140625
2022-09-06,1703.58,158.3300018310547,110.20999908447266,3908.18994140625,86.87999725341797
2022-09-02,1712.63,159.25999450683594,109.52999877929688,3924.260009765625,86.87000274658203
2022-09-01,1697.475,157.8699951171875,109.69000244140625,3966.85009765625,86.61000061035156
2022-08-31,1709.065,159.27000427246094,108.69999694824219,3955.0,89.55000305175781
2022-08-30,1723.405,160.50999450683594,108.7699966430664,3986.159912109375,91.63999938964844
2022-08-29,1739.63,161.86000061035156,108.83999633789062,4030.610107421875,97.01000213623047
2022-08-26,1738.145,161.75999450683594,108.80000305175781,4057.659912109375,93.05999755859375
2022-08-25,1756.49,163.75,108.47000122070312,4199.1201171875,92.5199966430664
2022-08-24,1751.08,163.25,108.68000030517578,4140.77001953125,94.88999938964844
2022-08-23,1746.115,162.77000427246094,108.62000274658203,4128.72998046875,93.73999786376953
2022-08-22,1735.32,161.63999938964844,109.05000305175781,4137.990234375,90.2300033569336
2022-08-19,1747.605,162.72000122070312,108.16999816894531,4228.47998046875,90.7699966430664
2022-08-18,1758.545,163.9199981689453,107.4800033569336,4283.740234375,90.5
2022-08-17,1765.04,164.35000610351562,106.56999969482422,4274.0400390625,88.11000061035156
2022-08-16,1775.665,165.4199981689453,106.5,4305.2001953125,86.52999877929688
2022-08-15,1778.63,165.7100067138672,106.55000305175781,4297.14013671875,89.41000366210938
2022-08-12,1802.18,167.8699951171875,105.62999725341797,4280.14990234375,92.08999633789062
2022-08-11,1789.12,166.33999633789062,105.08999633789062,4207.27001953125,94.33999633789062
2022-08-10,1791.735,166.77999877929688,105.19999694824219,4210.240234375,91.93000030517578
2022-08-09,1794.165,167.1999969482422,106.37000274658203,4122.47021484375,90.5
2022-08-08,1789.245,166.69000244140625,106.44000244140625,4140.06005859375,90.76000213623047
2022-08-05,1775.77,165.2899932861328,106.62000274658203,4145.18994140625,89.01000213623047
2022-08-04,1793.405,167.1699981689453,105.69000244140625,4151.93994140625,88.54000091552734
2022-08-03,1763.61,164.4499969482422,106.51000213623047,4155.169921875,90.66000366210938
2022-08-02,1756.675,164.0500030517578,106.23999786376953,4091.18994140625,94.41999816894531
2022-08-01,1772.355,165.02999877929688,105.44999694824219,4118.6298828125,93.88999938964844
2022-07-29,1766.42,164.10000610351562,105.9000015258789,4130.2900390625,98.62000274658203
2022-07-28,1755.07,163.63999938964844,106.3499984741211,4072.429931640625,96.41999816894531
2022-07-27,1738.89,161.6699981689453,106.44999694824219,4023.610107421875,97.26000213623047
2022-07-26,1718.105,160.0399932861328,107.19000244140625,3921.050048828125,94.9800033569336
2022-07-25,1719.18,160.22999572753906,106.4800033569336,3966.840087890625,96.69999694824219
2022-07-22,1727.59,160.6699981689453,106.7300033569336,3961.6298828125,94.69999694824219
2022-07-21,1718.145,160.27000427246094,106.91000366210938,3998.949951171875,96.3499984741211
2022-07-20,1695.525,158.0399932861328,107.08000183105469,3959.89990234375,102.26000213623047
2022-07-19,1710.07,159.5399932861328,106.68000030517578,3936.68994140625,104.22000122070312
2022-07-18,1708.26,159.16000366210938,107.37000274658203,3830.85009765625,102.5999984741211
2022-07-15,1707.6,159.00999450683594,108.05999755859375,3863.159912109375,97.58999633789062
2022-07-14,1711.74,159.3300018310547,108.54000091552734,3790.3798828125,95.77999877929688
2022-07-13,1732.015,161.60000610351562,107.95999908447266,3801.780029296875,96.30000305175781
2022-07-12,1725.39,160.8300018310547,108.06999969482422,3818.800048828125,95.83999633789062
2022-07-11,1733.36,161.42999267578125,108.0199966430664,3854.429931640625,104.08999633789062
2022-07-08,1742.43,162.3000030517578,107.01000213623047,3899.3798828125,104.79000091552734
2022-07-07,1741.92,162.22999572753906,107.12999725341797,3902.6201171875,102.7300033569336
2022-07-06,1740.06,162.13999938964844,107.0999984741211,3845.080078125,98.52999877929688
2022-07-05,1769.655,164.75,106.5,3831.389892578125,99.5
2022-07-01,1809.455,168.32000732421875,105.13999938964844,3825.330078125,108.43000030517578
2022-06-30,1806.545,168.4600067138672,104.69000244140625,3785.3798828125,105.76000213623047
2022-06-29,1818.895,169.49000549316406,105.11000061035156,3818.830078125,109.77999877929688
2022-06-28,1818.415,169.6199951171875,104.51000213623047,3821.550048828125,111.76000213623047
2022-06-27,1823.76,169.89999389648438,103.94000244140625,3900.110107421875,109.56999969482422
2022-06-24,1827.155,170.08999633789062,104.19000244140625,3911.739990234375,107.62000274658203
2022-06-23,1824.62,170.25999450683594,104.43000030517578,3795.72998046875,104.2699966430664
2022-06-22,1836.57,171.30999755859375,104.19999694824219,3759.889892578125,106.19000244140625
2022-06-21,1831.55,170.6300048828125,104.44000244140625,3764.7900390625,110.6500015258789
2022-06-17,1840.315,171.27000427246094,104.69999694824219,3674.840087890625,109.55999755859375
2022-06-16,1850.965,172.69000244140625,103.62999725341797,3666.77001953125,117.58999633789062
2022-06-15,1833.86,170.77000427246094,105.16000366210938,3789.989990234375,115.30999755859375
2022-06-14,1811.07,168.57000732421875,105.5199966430664,3735.47998046875,118.93000030517578
2022-06-13,1820.975,169.92999267578125,105.08000183105469,3749.6298828125,120.93000030517578
2022-06-10,1871.745,174.5399932861328,104.1500015258789,3900.860107421875,120.66999816894531
2022-06-09,1847.08,172.22999572753906,103.22000122070312,4017.820068359375,121.51000213623047
2022-06-08,1852.895,172.77999877929688,102.54000091552734,4115.77001953125,122.11000061035156
2022-06-07,1853.825,172.94000244140625,102.31999969482422,4160.68017578125,119.41000366210938
2022-06-06,1839.415,171.82000732421875,102.44000244140625,4121.43017578125,118.5
2022-06-03,1851.21,172.5800018310547,102.13999938964844,4108.5400390625,118.87000274658203
2022-06-02,1869.945,174.35000610351562,101.7699966430664,4176.81982421875,116.87000274658203
2022-06-01,1846.05,172.22999572753906,102.55000305175781,4101.22998046875,115.26000213623047
2022-05-31,1836.53,171.13999938964844,101.75,4132.14990234375,114.66999816894531
2022-05-27,1853.13,172.85000610351562,101.66999816894531,4158.240234375,115.06999969482422
2022-05-26,1852.915,172.75999450683594,101.83000183105469,4057.840087890625,114.08999633789062
2022-05-25,1854.21,173.0800018310547,102.05999755859375,3978.72998046875,110.33000183105469
2022-05-24,1867.525,174.1300048828125,101.86000061035156,3941.47998046875,109.7699966430664
2022-05-23,1853.89,172.8300018310547,102.08000183105469,3973.75,110.29000091552734
2022-05-20,1846.58,172.02999877929688,103.1500015258789,3901.360107421875,113.2300033569336
2022-05-19,1842.065,171.91000366210938,102.72000122070312,3900.7900390625,112.20999908447266
2022-05-18,1816.18,169.4199981689453,103.80999755859375,3923.679931640625,109.58999633789062
2022-05-17,1814.595,169.3300018310547,103.36000061035156,4088.85009765625,112.4000015258789
2022-05-16,1826.42,170.39999389648438,104.19000244140625,4008.010009765625,114.19999694824219
2022-05-13,1811.61,168.7899932861328,104.55999755859375,4023.889892578125,110.48999786376953
2022-05-12,1821.52,170.1699981689453,104.8499984741211,3930.080078125,106.12999725341797
2022-05-11,1854.205,172.82000732421875,103.8499984741211,3935.179931640625,105.70999908447266
2022-05-10,1833.78,171.4199981689453,103.91999816894531,4001.050048828125,99.76000213623047
2022-05-09,1854.545,172.8800048828125,103.6500015258789,3991.239990234375,103.08999633789062
2022-05-06,1883.78,175.4199981689453,103.66000366210938,4123.33984375,109.7699966430664
2022-05-05,1874.46,175.1300048828125,103.75,4146.8701171875,108.26000213623047
2022-05-04,1894.085,175.8000030517578,102.58999633789062,4300.169921875,107.80999755859375
2022-05-03,1868.48,174.08999633789062,103.47000122070312,4175.47998046875,102.41000366210938
2022-05-02,1863.18,173.6300048828125,103.73999786376953,4155.3798828125,105.16999816894531
2022-04-29,1896.895,176.91000366210938,102.95999908447266,4131.93017578125,104.69000244140625
2022-04-28,1895.665,176.92999267578125,103.62000274658203,4287.5,105.36000061035156
2022-04-27,1885.8,175.97999572753906,102.94999694824219,4183.9599609375,102.0199966430664
2022-04-26,1906.595,177.32000732421875,102.30000305175781,4175.2001953125,101.69999694824219
2022-04-25,1899.36,177.0500030517578,101.75,4296.1201171875,98.54000091552734
2022-04-22,1931.92,180.2899932861328,101.22000122070312,4271.77978515625,102.06999969482422
2022-04-21,1950.975,182.05999755859375,100.58000183105469,4393.66015625,103.79000091552734
2022-04-20,1956.9,182.7100067138672,100.38999938964844,4459.4501953125,102.75
2022-04-19,1949.865,181.82000732421875,100.95999908447266,4462.2099609375,102.55999755859375
2022-04-18,1977.23,184.61000061035156,100.77999877929688,4391.68994140625,108.20999908447266
2022-04-14,1972.15,184.0399932861328,100.31999969482422,4392.58984375,106.94999694824219
2022-04-13,1977.175,184.64999389648438,99.87999725341797,4446.58984375,104.25
2022-04-12,1965.99,183.77000427246094,100.29000091552734,4397.4501953125,100.5999984741211
2022-04-11,1952.81,182.3699951171875,99.93000030517578,4412.52978515625,94.29000091552734
2022-04-08,1948.045,181.47000122070312,99.80000305175781,4488.27978515625,98.26000213623047
2022-04-07,1932.995,180.33999633789062,99.75,4500.2099609375,96.02999877929688
2022-04-06,1923.83,179.66000366210938,99.5999984741211,4481.14990234375,96.2300033569336
2022-04-05,1920.54,179.24000549316406,99.47000122070312,4525.1201171875,101.95999908447266
2022-04-04,1931.68,180.3699951171875,98.98999786376953,4582.64013671875,103.27999877929688
2022-04-01,1924.645,179.5,98.62999725341797,4545.85986328125,99.2699966430664
2022-03-31,1936.815,180.64999389648438,98.30999755859375,4530.41015625,100.27999877929688
2022-03-30,1934.175,180.5800018310547,97.79000091552734,4602.4501953125,107.81999969482422
2022-03-29,1916.47,179.13999938964844,98.4000015258789,4631.60009765625,104.23999786376953
2022-03-28,1924.085,179.05999755859375,99.08999633789062,4575.52001953125,105.95999908447266
2022-03-25,1958.315,182.3800048828125,98.80999755859375,4543.06005859375,113.9000015258789
2022-03-24,1959.395,183.1300048828125,98.79000091552734,4520.16015625,112.33999633789062
2022-03-23,1946.165,181.80999755859375,98.62000274658203,4456.240234375,114.93000030517578
2022-03-22,1919.735,179.36000061035156,98.48999786376953,4511.60986328125,111.76000213623047
2022-03-21,1935.715,180.6699981689453,98.5,4461.18017578125,112.12000274658203
2022-03-18,1920.58,179.3000030517578,98.2300033569336,4463.1201171875,104.69999694824219
2022-03-17,1944.155,180.88999938964844,98.01000213623047,4411.669921875,102.9800033569336
2022-03-16,1927.165,180.00999450683594,98.37999725341797,4357.85986328125,95.04000091552734
2022-03-15,1918.175,178.88999938964844,99.06999969482422,4262.4501953125,96.44000244140625
2022-03-14,1952.25,182.3000030517578,99.05999755859375,4173.10986328125,103.01000213623047
2022-03-11,1988.64,185.08999633789062,99.12000274658203,4204.31005859375,109.33000183105469
2022-03-10,1995.56,186.39999389648438,98.51000213623047,4259.52001953125,106.0199966430664
2022-03-09,1990.015,185.82000732421875,97.97000122070312,4277.8798828125,108.69999694824219
2022-03-08,2043.915,191.50999450683594,99.05999755859375,4170.7001953125,123.69999694824219
2022-03-07,1998.88,186.41000366210938,99.29000091552734,4201.08984375,119.4000015258789
2022-03-04,1970.285,183.67999267578125,98.6500015258789,4328.8701171875,115.68000030517578
2022-03-03,1934.96,180.8000030517578,97.79000091552734,4363.490234375,107.66999816894531
2022-03-02,1928.87,179.72999572753906,97.38999938964844,4386.5400390625,110.5999984741211
2022-03-01,1942.39,181.6199951171875,97.41000366210938,4306.259765625,103.41000366210938
2022-02-28,1906.295,178.3800048828125,96.70999908447266,4373.93994140625,95.72000122070312
2022-02-25,1889.35,176.5500030517578,96.62000274658203,4384.64990234375,91.58999633789062
2022-02-24,1906.805,177.13999938964844,97.13999938964844,4288.7001953125,92.80999755859375
2022-02-23,1910.81,178.2899932861328,96.19000244140625,4225.5,92.0999984741211
2022-02-22,1898.255,177.49000549316406,96.02999877929688,4304.759765625,92.3499984741211
2022-02-18,1898.16,177.1199951171875,96.04000091552734,4348.8701171875,91.06999969482422
2022-02-17,1900.09,177.25,95.80000305175781,4380.259765625,91.76000213623047
2022-02-16,1869.99,174.86000061035156,95.69999694824219,4475.009765625,93.66000366210938
2022-02-15,1853.045,173.0800018310547,95.98999786376953,4471.06982421875,92.06999969482422
2022-02-14,1871.09,174.74000549316406,96.37000274658203,4401.669921875,95.45999908447266
2022-02-11,1859.36,173.80999755859375,96.08000183105469,4418.64013671875,93.0999984741211
2022-02-10,1826.975,170.55999755859375,95.55000305175781,4504.080078125,89.87999725341797
2022-02-09,1832.615,171.2100067138672,95.48999786376953,4587.18017578125,89.66000366210938
2022-02-08,1825.95,170.6300048828125,95.63999938964844,4521.5400390625,89.36000061035156
2022-02-07,1822.06,170.11000061035156,95.4000015258789,4483.8701171875,91.31999969482422
2022-02-04,1807.695,168.86000061035156,95.4800033569336,4500.52978515625,92.30999755859375
2022-02-03,1805.785,168.60000610351562,95.37999725341797,4477.43994140625,90.2699966430664
2022-02-02,1807.845,168.83999633789062,95.94000244140625,4589.3798828125,88.26000213623047
2022-02-01,1800.78,168.22999572753906,96.38999938964844,4546.5400390625,88.19999694824219
2022-01-31,1797.78,168.08999633789062,96.54000091552734,4515.5498046875,88.1500015258789
2022-01-28,1791.77,167.10000610351562,97.2699966430664,4431.85009765625,86.81999969482422
2022-01-27,1797.39,167.60000610351562,97.26000213623047,4326.509765625,86.61000061035156
2022-01-26,1822.035,169.7899932861328,96.48999786376953,4349.93017578125,87.3499984741211
2022-01-25,1849.635,172.5800018310547,95.94999694824219,4356.4501953125,85.5999984741211
2022-01-24,1843.565,172.02999877929688,95.91999816894531,4410.1298828125,83.30999755859375
2022-01-21,1834.76,171.08999633789062,95.63999938964844,4397.93994140625,85.13999938964844
2022-01-20,1839.025,171.64999389648438,95.73999786376953,4482.72998046875,86.9000015258789
2022-01-19,1838.655,172.0800018310547,95.51000213623047,4532.759765625,86.95999908447266
2022-01-18,1814.35,169.38999938964844,95.7300033569336,4577.10986328125,85.43000030517578
2022-01-14,1817.745,169.6699981689453,95.16999816894531,4662.85009765625,83.81999969482422
2022-01-13,1820.895,170.16000366210938,94.79000091552734,4659.02978515625,82.12000274658203
2022-01-12,1825.35,170.74000549316406,95.0,4726.35009765625,82.63999938964844
2022-01-11,1820.805,170.2899932861328,95.62000274658203,4713.06982421875,81.22000122070312
2022-01-10,1801.285,168.25999450683594,95.98999786376953,4670.2900390625,78.2300033569336
2022-01-07,1797.175,167.75,95.73999786376953,4677.02978515625,78.9000015258789
2022-01-06,1791.48,166.99000549316406,96.25,4696.0498046875,79.45999908447266
2022-01-05,1810.315,169.05999755859375,96.19000244140625,4700.580078125,77.8499984741211
2022-01-04,1813.985,169.57000732421875,96.29000091552734,4793.5400390625,76.98999786376953
2022-01-03,1804.3,168.3300018310547,96.23999786376953,4796.56005859375,76.08000183105469
2021-12-31,1829.335,170.9600067138672,95.66999816894531,4766.18017578125,75.20999908447266
2021-12-30,1815.895,169.8000030517578,95.97000122070312,4778.72998046875,76.98999786376953
2021-12-29,1804.595,168.58999633789062,95.93000030517578,4793.06005859375,76.55999755859375
2021-12-28,1806.66,168.63999938964844,96.19999694824219,4786.35009765625,75.9800033569336
2021-12-27,1812.38,169.3699951171875,96.08999633789062,4791.18994140625,75.56999969482422
2021-12-23,1808.415,168.97000122070312,96.0199966430664,4725.7900390625,73.79000091552734
2021-12-22,1803.74,168.58999633789062,96.08000183105469,4696.56005859375,72.76000213623047
2021-12-21,1790.595,167.02000427246094,96.48999786376953,4649.22998046875,71.12000274658203
2021-12-20,1791.71,167.08999633789062,96.55000305175781,4568.02001953125,68.2300033569336
2021-12-17,1798.075,167.8000030517578,96.56999969482422,4620.64013671875,70.86000061035156
2021-12-16,1798.83,168.16000366210938,96.04000091552734,4668.669921875,72.37999725341797
2021-12-15,1779.645,166.14999389648438,96.51000213623047,4709.85009765625,70.87000274658203
2021-12-14,1772.56,165.44000244140625,96.56999969482422,4634.08984375,70.7300033569336
2021-12-13,1785.795,167.0,96.31999969482422,4668.97021484375,71.29000091552734
2021-12-10,1782.855,166.5800018310547,96.05000305175781,4712.02001953125,71.66999816894531
2021-12-09,1776.49,165.8800048828125,96.2699966430664,4667.4501953125,70.94000244140625
2021-12-08,1783.64,166.89999389648438,95.88999938964844,4701.2099609375,72.36000061035156
2021-12-07,1784.805,166.80999755859375,96.37000274658203,4686.75,72.05000305175781
2021-12-06,1781.03,166.22000122070312,96.29000091552734,4591.669921875,69.48999786376953
2021-12-03,1782.385,166.6300048828125,96.12000274658203,4538.43017578125,66.26000213623047
2021-12-02,1768.935,165.24000549316406,96.12999725341797,4577.10009765625,66.5
2021-12-01,1781.915,166.16000366210938,96.05000305175781,4513.0400390625,65.56999969482422
2021-11-30,1773.435,165.5,95.98999786376953,4567.0,66.18000030517578
2021-11-29,1786.9,166.6199951171875,96.33999633789062,4655.27001953125,69.94999694824219
2021-11-26,1790.995,166.85000610351562,96.08999633789062,4594.6201171875,68.1500015258789
2021-11-24,1789.68,167.1199951171875,96.83999633789062,4701.4599609375,78.38999938964844
2021-11-23,1790.97,167.27999877929688,96.48999786376953,4690.7001953125,78.5
2021-11-22,1809.075,168.74000549316406,96.5,4682.93994140625,76.75
2021-11-19,1846.44,172.61000061035156,96.06999969482422,4697.9599609375,76.0999984741211
2021-11-18,1859.71,173.94000244140625,95.54000091552734,4704.5400390625,79.01000213623047
2021-11-17,1866.61,174.5,95.83000183105469,4688.669921875,78.36000061035156
2021-11-16,1850.395,172.9199981689453,95.91999816894531,4700.89990234375,80.76000213623047
2021-11-15,1862.465,174.17999267578125,95.41000366210938,4682.7998046875,80.87999725341797
2021-11-12,1864.3,174.4499969482422,95.12999725341797,4682.85009765625,80.79000091552734
2021-11-11,1862.405,174.1199951171875,95.18000030517578,4649.27001953125,81.58999633789062
2021-11-10,1848.415,173.14999389648438,94.8499984741211,4646.7099609375,81.33999633789062
2021-11-09,1824.38,171.2899932861328,93.95999908447266,4685.25,84.1500015258789
2021-11-08,1824.57,170.4499969482422,94.05000305175781,4701.7001953125,81.93000030517578
2021-11-05,1818.185,169.83999633789062,94.31999969482422,4697.52978515625,81.2699966430664
2021-11-04,1791.575,167.64999389648438,94.3499984741211,4680.06005859375,78.80999755859375
2021-11-03,1777.25,165.77000427246094,93.86000061035156,4660.56982421875,80.86000061035156
2021-11-02,1787.22,167.16000366210938,94.08999633789062,4630.64990234375,83.91000366210938
2021-11-01,1792.16,167.52000427246094,93.87999725341797,4613.669921875,84.05000305175781
2021-10-29,1783.435,166.64999389648438,94.12000274658203,4605.3798828125,83.56999969482422
2021-10-28,1799.655,168.0800018310547,93.3499984741211,4596.419921875,82.80999755859375
2021-10-27,1796.67,168.1199951171875,93.86000061035156,4551.68017578125,82.66000366210938
2021-10-26,1793.665,167.67999267578125,93.94999694824219,4574.7900390625,84.6500015258789
2021-10-25,1807.96,168.92999267578125,93.80999755859375,4566.47998046875,83.76000213623047
2021-10-22,1793.215,167.77000427246094,93.61000061035156,4544.89990234375,83.76000213623047
2021-10-21,1784.655,166.75,93.7699966430664,4549.77978515625,82.5
2021-10-20,1781.515,166.89999389648438,93.55999755859375,4536.18994140625,83.87000274658203
2021-10-19,1768.715,165.4499969482422,93.79000091552734,4519.6298828125,82.95999908447266
2021-10-18,1764.065,164.9199981689453,93.94999694824219,4486.4599609375,82.44000244140625
2021-10-15,1767.48,165.3300018310547,93.94000244140625,4471.3701171875,82.27999877929688
2021-10-14,1795.45,168.0,93.95999908447266,4438.259765625,81.30999755859375
2021-10-13,1791.765,167.58999633789062,94.08000183105469,4363.7998046875,80.44000244140625
2021-10-12,1760.345,164.66000366210938,94.5199966430664,4350.64990234375,80.63999938964844
2021-10-11,1753.265,163.9199981689453,94.31999969482422,4361.18994140625,80.5199966430664
2021-10-08,1757.365,164.22999572753906,94.06999969482422,4391.33984375,79.3499984741211
2021-10-07,1755.095,164.16000366210938,94.22000122070312,4399.759765625,78.30000305175781
2021-10-06,1764.075,165.02999877929688,94.2699966430664,4363.5498046875,77.43000030517578
2021-10-05,1759.53,164.58999633789062,93.9800033569336,4345.72021484375,78.93000030517578
2021-10-04,1768.29,165.36000061035156,93.80999755859375,4300.4599609375,77.62000274658203
2021-10-01,1760.55,164.58999633789062,94.04000091552734,4357.0400390625,75.87999725341797
2021-09-30,1753.09,164.22000122070312,94.25,4307.5400390625,75.02999877929688
2021-09-29,1728.905,161.32000732421875,94.33999633789062,4359.4599609375,74.83000183105469
2021-09-28,1735.365,162.0500030517578,93.7699966430664,4352.6298828125,75.29000091552734
2021-09-27,1751.25,163.63999938964844,93.37999725341797,4443.10986328125,75.44999694824219
2021-09-24,1750.765,163.3000030517578,93.33000183105469,4455.47998046875,73.9800033569336
2021-09-23,1746.3,163.50999450683594,93.0999984741211,4448.97998046875,73.30000305175781
2021-09-22,1766.925,165.4199981689453,93.45999908447266,4395.64013671875,72.2300033569336
2021-09-21,1774.895,166.0399932861328,93.19999694824219,4354.18994140625,70.55999755859375
2021-09-20,1765.15,164.94000244140625,93.23999786376953,4357.72998046875,70.29000091552734
2021-09-17,1754.87,163.77000427246094,93.19999694824219,4432.990234375,71.97000122070312
2021-09-16,1753.965,164.02999877929688,92.86000061035156,4473.75,72.61000061035156
2021-09-15,1795.255,167.8300018310547,92.48999786376953,4480.7001953125,72.61000061035156
2021-09-14,1803.8,168.82000732421875,92.6500015258789,4443.0498046875,70.45999908447266
2021-09-13,1793.085,167.74000549316406,92.62000274658203,4468.72998046875,70.44999694824219
2021-09-10,1788.01,167.17999267578125,92.58000183105469,4458.580078125,69.72000122070312
2021-09-09,1794.89,168.02999877929688,92.4800033569336,4493.27978515625,68.13999938964844
2021-09-08,1790.85,167.2899932861328,92.6500015258789,4514.06982421875,69.30000305175781
2021-09-07,1795.695,167.7100067138672,92.5199966430664,4520.02978515625,68.3499984741211
2021-09-03,1827.75,171.05999755859375,92.04000091552734,4535.43017578125,69.29000091552734
2021-09-02,1809.55,169.25,92.2300033569336,4536.9501953125,69.98999786376953
2021-09-01,1813.145,169.6999969482422,92.44999694824219,4524.08984375,68.58999633789062
2021-08-31,1814.605,169.69000244140625,92.62999725341797,4522.68017578125,68.5
2021-08-30,1810.51,169.35000610351562,92.6500015258789,4528.7900390625,69.20999908447266
2021-08-27,1816.97,170.19000244140625,92.69000244140625,4509.3701171875,68.73999786376953
2021-08-26,1793.555,167.6699981689453,93.05999755859375,4470.0,67.41999816894531
2021-08-25,1791.685,167.47999572753906,92.83000183105469,4496.18994140625,68.36000061035156
2021-08-24,1801.91,168.64999389648438,92.88999938964844,4486.22998046875,67.54000091552734
2021-08-23,1804.885,168.72999572753906,92.95999908447266,4479.52978515625,65.63999938964844
2021-08-20,1781.43,166.6999969482422,93.5,4441.669921875,62.31999969482422
2021-08-19,1779.07,166.61000061035156,93.56999969482422,4405.7998046875,63.689998626708984
2021-08-18,1787.485,167.10000610351562,93.13999938964844,4400.27001953125,65.45999908447266
2021-08-17,1786.31,166.97000122070312,93.12999725341797,4448.080078125,66.58999633789062
2021-08-16,1787.5,167.22000122070312,92.62999725341797,4479.7099609375,67.29000091552734
2021-08-13,1779.34,166.38999938964844,92.5199966430664,4468.0,68.44000244140625
2021-08-12,1753.435,164.0399932861328,93.04000091552734,4460.830078125,69.08999633789062
2021-08-11,1752.485,164.0,92.91000366210938,4442.41015625,69.25
2021-08-10,1730.225,161.77000427246094,93.05999755859375,4436.75,68.29000091552734
2021-08-09,1731.43,161.72000122070312,92.94999694824219,4432.35009765625,66.4800033569336
2021-08-06,1764.275,164.63999938964844,92.80000305175781,4436.52001953125,68.27999877929688
2021-08-05,1803.59,168.86000061035156,92.23999786376953,4429.10009765625,69.08999633789062
2021-08-04,1811.76,169.52999877929688,92.2699966430664,4402.66015625,68.1500015258789
2021-08-03,1811.27,169.49000549316406,92.08000183105469,4423.14990234375,70.55999755859375
2021-08-02,1812.575,169.61000061035156,92.05000305175781,4387.16015625,71.26000213623047
2021-07-30,1814.06,169.82000732421875,92.16999816894531,4395.259765625,73.94999694824219
2021-07-29,1830.34,171.1699981689453,91.86000061035156,4419.14990234375,73.62000274658203
2021-07-28,1809.375,169.2899932861328,92.31999969482422,4400.64013671875,72.38999938964844
2021-07-27,1799.94,168.44000244140625,92.43000030517578,4401.4599609375,71.6500015258789
2021-07-26,1797.82,168.16000366210938,92.6500015258789,4422.2998046875,71.91000366210938
2021-07-23,1802.785,168.55999755859375,92.91000366210938,4411.7900390625,72.06999969482422
2021-07-22,1807.21,169.08999633789062,92.81999969482422,4367.47998046875,71.91000366210938
2021-07-21,1802.67,168.75999450683594,92.75,4358.68994140625,70.30000305175781
2021-07-20,1809.81,169.38999938964844,92.97000122070312,4323.06005859375,67.41999816894531
2021-07-19,1811.565,169.61000061035156,92.88999938964844,4258.490234375,66.41999816894531
2021-07-16,1812.19,169.41000366210938,92.69000244140625,4327.16015625,71.80999755859375
2021-07-15,1829.475,171.07000732421875,92.62000274658203,4360.02978515625,71.6500015258789
2021-07-14,1826.415,171.0399932861328,92.41000366210938,4374.2998046875,73.12999725341797
2021-07-13,1809.135,169.22000122070312,92.75,4369.2099609375,75.25
2021-07-12,1807.165,169.0,92.2300033569336,4384.6298828125,74.0999984741211
2021-07-09,1808.56,169.2100067138672,92.12999725341797,4369.5498046875,74.55999755859375
2021-07-08,1803.855,168.64999389648438,92.36000061035156,4320.81982421875,72.94000244140625
2021-07-07,1803.455,168.75999450683594,92.63999938964844,4358.1298828125,72.19999694824219
2021-07-06,1795.755,168.1199951171875,92.55000305175781,4343.5400390625,73.37000274658203
2021-07-02,1787.59,167.2899932861328,92.2300033569336,4352.33984375,75.16000366210938
2021-07-01,1775.58,166.1999969482422,92.5999984741211,4319.93994140625,75.2300033569336
2021-06-30,1768.335,165.6300048828125,92.44000244140625,4297.5,73.47000122070312
2021-06-29,1761.595,164.8300018310547,92.05000305175781,4291.7998046875,72.9800033569336
2021-06-28,1778.32,166.5800018310547,91.87999725341797,4290.60986328125,72.91000366210938
2021-06-25,1781.68,166.58999633789062,91.80999755859375,4280.7001953125,74.05000305175781
2021-06-24,1775.48,166.0399932861328,91.81999969482422,4266.490234375,73.30000305175781
2021-06-23,1777.46,166.13999938964844,91.80000305175781,4241.83984375,73.08000183105469
2021-06-22,1777.62,166.25,91.7300033569336,4246.43994140625,73.05999755859375
2021-06-21,1783.55,166.9499969482422,91.86000061035156,4224.7900390625,73.66000366210938
2021-06-18,1764.47,164.92999267578125,92.2300033569336,4166.4501953125,71.63999938964844
2021-06-17,1776.94,165.85000610351562,91.88999938964844,4221.85986328125,71.04000091552734
2021-06-16,1819.08,171.11000061035156,91.12999725341797,4223.7001953125,72.1500015258789
2021-06-15,1857.995,174.0500030517578,90.54000091552734,4246.58984375,72.12000274658203
2021-06-14,1866.885,174.7100067138672,90.5199966430664,4255.14990234375,70.87999725341797
2021-06-11,1877.97,175.74000549316406,90.55999755859375,4247.43994140625,70.91000366210938
2021-06-10,1898.37,177.74000549316406,90.08000183105469,4239.18017578125,70.29000091552734
2021-06-09,1888.825,176.97999572753906,90.12000274658203,4219.5498046875,69.95999908447266
2021-06-08,1893.445,177.32000732421875,90.08000183105469,4227.259765625,70.05000305175781
2021-06-07,1898.78,177.8699951171875,89.94999694824219,4226.52001953125,69.2300033569336
2021-06-04,1892.815,177.16000366210938,90.13999938964844,4229.89013671875,69.62000274658203
2021-06-03,1870.98,175.27000427246094,90.5,4192.85009765625,68.80999755859375
2021-06-02,1907.9,178.77000427246094,89.9000015258789,4208.1201171875,68.83000183105469
2021-06-01,1898.905,177.89999389648438,89.83000183105469,4202.0400390625,67.72000122070312
2021-05-28,1903.905,178.3800048828125,90.02999877929688,4204.10986328125,66.31999969482422
2021-05-27,1898.075,177.7100067138672,89.97000122070312,4200.8798828125,66.8499984741211
2021-05-26,1896.125,177.63999938964844,90.04000091552734,4195.990234375,66.20999908447266
2021-05-25,1898.245,177.9499969482422,89.63999938964844,4188.1298828125,66.06999969482422
2021-05-24,1877.5,176.35000610351562,89.83000183105469,4197.0498046875,66.05000305175781
2021-05-21,1876.115,176.0399932861328,90.0199966430664,4155.85986328125,63.58000183105469
2021-05-20,1874.08,175.9600067138672,89.80999755859375,4159.1201171875,62.04999923706055
2021-05-19,1866.045,175.16000366210938,90.19000244140625,4115.68017578125,63.36000061035156
2021-05-18,1870.215,175.0399932861328,89.75,4127.830078125,65.48999786376953
2021-05-17,1869.095,174.6999969482422,90.22000122070312,4163.2900390625,66.2699966430664
2021-05-14,1844.825,172.69000244140625,90.31999969482422,4173.85009765625,65.37000274658203
2021-05-13,1825.15,171.1300048828125,90.75,4112.5,63.81999969482422
2021-05-12,1817.615,170.42999267578125,90.70999908447266,4063.0400390625,66.08000183105469
2021-05-11,1835.705,172.13999938964844,90.13999938964844,4152.10009765625,65.27999877929688
2021-05-10,1836.295,172.11000061035156,90.20999908447266,4188.43017578125,64.91999816894531
2021-05-07,1830.035,171.58999633789062,90.2300033569336,4232.60009765625,64.9000015258789
2021-05-06,1814.755,170.05999755859375,90.94999694824219,4201.6201171875,64.70999908447266
2021-05-05,1785.48,167.27000427246094,91.30999755859375,4167.58984375,65.62999725341797
2021-05-04,1778.805,166.5800018310547,91.29000091552734,4164.66015625,65.69000244140625
2021-05-03,1792.595,167.80999755859375,90.94999694824219,4192.66015625,64.48999786376953
2021-04-30,1768.41,165.66000366210938,91.27999877929688,4181.169921875,63.58000183105469
2021-04-29,1773.345,166.22000122070312,90.61000061035156,4211.47021484375,65.01000213623047
2021-04-28,1783.96,166.91000366210938,90.61000061035156,4183.18017578125,63.86000061035156
2021-04-27,1775.56,166.4199981689453,90.91000366210938,4186.72021484375,62.939998626708984
2021-04-26,1780.13,166.83999633789062,90.80999755859375,4187.6201171875,61.90999984741211
2021-04-23,1778.36,166.39999389648438,90.86000061035156,4180.169921875,62.13999938964844
2021-04-22,1783.24,167.0399932861328,91.33000183105469,4134.97998046875,61.43000030517578
2021-04-21,1793.66,168.1300048828125,91.16000366210938,4173.419921875,61.349998474121094
2021-04-20,1776.915,166.47999572753906,91.23999786376953,4134.93994140625,62.439998626708984
2021-04-19,1772.255,165.88999938964844,91.06999969482422,4163.259765625,63.380001068115234
2021-04-16,1776.065,166.35000610351562,91.55999755859375,4185.47021484375,63.130001068115234
2021-04-15,1763.96,165.35000610351562,91.66999816894531,4170.419921875,63.459999084472656
2021-04-14,1736.715,162.72000122070312,91.69000244140625,4124.66015625,63.150001525878906
2021-04-13,1746.705,163.42999267578125,91.8499984741211,4141.58984375,60.18000030517578
2021-04-12,1732.05,162.27999877929688,92.13999938964844,4127.990234375,59.70000076293945
2021-04-09,1744.375,163.27000427246094,92.16000366210938,4128.7998046875,59.31999969482422
2021-04-08,1754.25,164.50999450683594,92.05999755859375,4097.169921875,59.599998474121094
2021-04-07,1736.905,162.75999450683594,92.45999908447266,4079.949951171875,59.77000045776367
2021-04-06,1743.34,163.22000122070312,92.33999633789062,4073.93994140625,59.33000183105469
2021-04-05,1729.515,161.9199981689453,92.5999984741211,4077.909912109375,58.650001525878906
2021-04-01,1727.965,161.97999572753906,92.93000030517578,4019.8701171875,61.45000076293945
2021-03-31,1707.59,159.9600067138672,93.2300033569336,3972.889892578125,59.15999984741211
2021-03-30,1685.6,157.57000732421875,93.30000305175781,3958.550048828125,60.54999923706055
2021-03-29,1712.05,160.30999755859375,92.94000244140625,3971.090087890625,61.560001373291016
2021-03-26,1733.81,162.24000549316406,92.7699966430664,3974.5400390625,60.970001220703125
2021-03-25,1727.395,161.77999877929688,92.87999725341797,3909.52001953125,58.560001373291016
2021-03-24,1734.66,162.3699951171875,92.52999877929688,3889.139892578125,61.18000030517578
2021-03-23,1727.11,161.80999755859375,92.33999633789062,3910.52001953125,57.7599983215332
2021-03-22,1739.45,163.0,91.80000305175781,3940.590087890625,61.54999923706055
2021-03-19,1744.995,163.24000549316406,91.91999816894531,3913.10009765625,61.41999816894531
2021-03-18,1733.24,162.55999755859375,91.8499984741211,3915.4599609375,60.0
2021-03-17,1748.475,163.50999450683594,91.4000015258789,3974.1201171875,64.5999984741211
2021-03-16,1731.76,162.35000610351562,91.87000274658203,3962.7099609375,64.80000305175781
2021-03-15,1730.74,162.1999969482422,91.83000183105469,3968.93994140625,65.38999938964844
2021-03-12,1726.825,161.49000549316406,91.68000030517578,3943.340087890625,65.61000061035156
2021-03-11,1722.875,161.52000427246094,91.41999816894531,3939.340087890625,66.0199966430664
2021-03-10,1726.885,161.66000366210938,91.79000091552734,3898.81005859375,64.44000244140625
2021-03-09,1715.925,160.83999633789062,91.95999908447266,3875.43994140625,64.01000213623047
2021-03-08,1684.655,157.49000549316406,92.30999755859375,3821.35009765625,65.05000305175781
2021-03-05,1700.57,159.13999938964844,91.9800033569336,3841.93994140625,66.08999633789062
2021-03-04,1694.52,159.0399932861328,91.62999725341797,3768.469970703125,63.83000183105469
2021-03-03,1710.595,160.6199951171875,90.94999694824219,3819.719970703125,61.279998779296875
2021-03-02,1736.56,162.41000366210938,90.79000091552734,3870.2900390625,59.75
2021-03-01,1725.105,161.52999877929688,91.04000091552734,3901.820068359375,60.63999938964844
2021-02-26,1734.365,161.80999755859375,90.93000030517578,3811.14990234375,61.5
2021-02-25,1770.105,165.82000732421875,90.12999725341797,3829.340087890625,63.529998779296875
2021-02-24,1803.115,169.0,90.18000030517578,3925.429931640625,63.220001220703125
2021-02-23,1805.98,169.1199951171875,90.16999816894531,3881.3701171875,61.66999816894531
2021-02-22,1810.595,169.50999450683594,90.01000213623047,3876.5,61.4900016784668
2021-02-19,1783.98,167.00999450683594,90.36000061035156,3906.7099609375,59.2400016784668
2021-02-18,1771.82,166.32000732421875,90.58999633789062,3913.969970703125,60.52000045776367
2021-02-17,1778.25,166.3300018310547,90.94999694824219,3931.330078125,61.13999938964844
2021-02-16,1788.55,168.24000549316406,90.51000213623047,3932.590087890625,60.04999923706055
2021-02-12,1824.255,170.69000244140625,90.4800033569336,3934.830078125,59.470001220703125
2021-02-11,1826.86,171.2100067138672,90.41999816894531,3916.3798828125,58.2400016784668
2021-02-10,1842.185,172.7100067138672,90.37000274658203,3909.8798828125,58.68000030517578
2021-02-09,1836.41,172.0800018310547,90.44000244140625,3911.22998046875,58.36000061035156
2021-02-08,1835.87,171.52000427246094,90.93000030517578,3915.590087890625,57.970001220703125
