Date,Gold_ETF,Dollar_Index,SP500,Oil_Price
,GLD,DX-Y.NYB,^GSPC,CL=F
2021-01-04,182.3300018310547,89.87999725341797,3700.64990234375,47.619998931884766
2021-01-05,182.8699951171875,89.44000244140625,3726.860107421875,49.93000030517578
2021-01-06,179.89999389648438,89.52999877929688,3748.139892578125,50.630001068115234
2021-01-07,179.47999572753906,89.83000183105469,3803.7900390625,50.83000183105469
2021-01-08,173.33999633789062,90.0999984741211,3824.679931640625,52.2400016784668
2021-01-11,173.0,90.54000091552734,3799.610107421875,52.25
2021-01-12,174.1199951171875,90.05000305175781,3801.18994140625,53.209999084472656
2021-01-13,173.3699951171875,90.31999969482422,3809.840087890625,52.90999984741211
2021-01-14,173.27999877929688,90.23999786376953,3795.5400390625,53.56999969482422
2021-01-15,171.1300048828125,90.77999877929688,3768.25,52.36000061035156
2021-01-19,172.5800018310547,90.5,3798.909912109375,52.97999954223633
2021-01-20,175.38999938964844,90.47000122070312,3851.85009765625,53.2400016784668
2021-01-21,175.27999877929688,90.12999725341797,3853.070068359375,53.130001068115234
2021-01-22,173.89999389648438,90.23999786376953,3841.469970703125,52.27000045776367
2021-01-25,174.0500030517578,90.38999938964844,3855.360107421875,52.77000045776367
2021-01-26,173.6199951171875,90.16999816894531,3849.6201171875,52.61000061035156
2021-01-27,172.52000427246094,90.6500015258789,3750.77001953125,52.849998474121094
2021-01-28,172.67999267578125,90.45999908447266,3787.3798828125,52.34000015258789
2021-01-29,172.61000061035156,90.58000183105469,3714.239990234375,52.20000076293945
2021-02-01,174.22999572753906,91.0199966430664,3773.860107421875,53.54999923706055
2021-02-02,172.11000061035156,91.19999694824219,3826.31005859375,54.7599983215332
2021-02-03,171.85000610351562,91.12000274658203,3830.169921875,55.689998626708984
2021-02-04,168.14999389648438,91.52999877929688,3871.739990234375,56.22999954223633
2021-02-05,169.80999755859375,91.04000091552734,3886.830078125,56.849998474121094
2021-02-08,171.52000427246094,90.93000030517578,3915.590087890625,57.970001220703125
2021-02-09,172.0800018310547,90.44000244140625,3911.22998046875,58.36000061035156
2021-02-10,172.7100067138672,90.37000274658203,3909.8798828125,58.68000030517578
2021-02-11,171.2100067138672,90.41999816894531,3916.3798828125,58.2400016784668
2021-02-12,170.69000244140625,90.4800033569336,3934.830078125,59.470001220703125
2021-02-16,168.24000549316406,90.51000213623047,3932.590087890625,60.04999923706055
2021-02-17,166.3300018310547,90.94999694824219,3931.330078125,61.13999938964844
2021-02-18,166.32000732421875,90.58999633789062,3913.969970703125,60.52000045776367
2021-02-19,167.00999450683594,90.36000061035156,3906.7099609375,59.2400016784668
2021-02-22,169.50999450683594,90.01000213623047,3876.5,61.4900016784668
2021-02-23,169.1199951171875,90.16999816894531,3881.3701171875,61.66999816894531
2021-02-24,169.0,90.18000030517578,3925.429931640625,63.220001220703125
2021-02-25,165.82000732421875,90.12999725341797,3829.340087890625,63.529998779296875
2021-02-26,161.80999755859375,90.93000030517578,3811.14990234375,61.5
2021-03-01,161.52999877929688,91.04000091552734,3901.820068359375,60.63999938964844
2021-03-02,162.41000366210938,90.79000091552734,3870.2900390625,59.75
2021-03-03,160.6199951171875,90.94999694824219,3819.719970703125,61.279998779296875
2021-03-04,159.0399932861328,91.62999725341797,3768.469970703125,63.83000183105469
2021-03-05,159.13999938964844,91.9800033569336,3841.93994140625,66.08999633789062
2021-03-08,157.49000549316406,92.30999755859375,3821.35009765625,65.05000305175781
2021-03-09,160.83999633789062,91.95999908447266,3875.43994140625,64.01000213623047
2021-03-10,161.66000366210938,91.79000091552734,3898.81005859375,64.44000244140625
2021-03-11,161.52000427246094,91.41999816894531,3939.340087890625,66.0199966430664
2021-03-12,161.49000549316406,91.68000030517578,3943.340087890625,65.61000061035156
2021-03-15,162.1999969482422,91.83000183105469,3968.93994140625,65.38999938964844
2021-03-16,162.35000610351562,91.87000274658203,3962.7099609375,64.80000305175781
2021-03-17,163.50999450683594,91.4000015258789,3974.1201171875,64.5999984741211
2021-03-18,162.55999755859375,91.8499984741211,3915.4599609375,60.0
2021-03-19,163.24000549316406,91.91999816894531,3913.10009765625,61.41999816894531
2021-03-22,163.0,91.80000305175781,3940.590087890625,61.54999923706055
2021-03-23,161.80999755859375,92.33999633789062,3910.52001953125,57.7599983215332
2021-03-24,162.3699951171875,92.52999877929688,3889.139892578125,61.18000030517578
2021-03-25,161.77999877929688,92.87999725341797,3909.52001953125,58.560001373291016
2021-03-26,162.24000549316406,92.7699966430664,3974.5400390625,60.970001220703125
2021-03-29,160.30999755859375,92.94000244140625,3971.090087890625,61.560001373291016
2021-03-30,157.57000732421875,93.30000305175781,3958.550048828125,60.54999923706055
2021-03-31,159.9600067138672,93.2300033569336,3972.889892578125,59.15999984741211
2021-04-01,161.97999572753906,92.93000030517578,4019.8701171875,61.45000076293945
2021-04-05,161.9199981689453,92.5999984741211,4077.909912109375,58.650001525878906
2021-04-06,163.22000122070312,92.33999633789062,4073.93994140625,59.33000183105469
2021-04-07,162.75999450683594,92.45999908447266,4079.949951171875,59.77000045776367
2021-04-08,164.50999450683594,92.05999755859375,4097.169921875,59.599998474121094
2021-04-09,163.27000427246094,92.16000366210938,4128.7998046875,59.31999969482422
2021-04-12,162.27999877929688,92.13999938964844,4127.990234375,59.70000076293945
2021-04-13,163.42999267578125,91.8499984741211,4141.58984375,60.18000030517578
2021-04-14,162.72000122070312,91.69000244140625,4124.66015625,63.150001525878906
2021-04-15,165.35000610351562,91.66999816894531,4170.419921875,63.459999084472656
2021-04-16,166.35000610351562,91.55999755859375,4185.47021484375,63.130001068115234
2021-04-19,165.88999938964844,91.06999969482422,4163.259765625,63.380001068115234
2021-04-20,166.47999572753906,91.23999786376953,4134.93994140625,62.439998626708984
2021-04-21,168.1300048828125,91.16000366210938,4173.419921875,61.349998474121094
2021-04-22,167.0399932861328,91.33000183105469,4134.97998046875,61.43000030517578
2021-04-23,166.39999389648438,90.86000061035156,4180.169921875,62.13999938964844
2021-04-26,166.83999633789062,90.80999755859375,4187.6201171875,61.90999984741211
2021-04-27,166.4199981689453,90.91000366210938,4186.72021484375,62.939998626708984
2021-04-28,166.91000366210938,90.61000061035156,4183.18017578125,63.86000061035156
2021-04-29,166.22000122070312,90.61000061035156,4211.47021484375,65.01000213623047
2021-04-30,165.66000366210938,91.27999877929688,4181.169921875,63.58000183105469
2021-05-03,167.80999755859375,90.94999694824219,4192.66015625,64.48999786376953
2021-05-04,166.5800018310547,91.29000091552734,4164.66015625,65.69000244140625
2021-05-05,167.27000427246094,91.30999755859375,4167.58984375,65.62999725341797
2021-05-06,170.05999755859375,90.94999694824219,4201.6201171875,64.70999908447266
2021-05-07,171.58999633789062,90.2300033569336,4232.60009765625,64.9000015258789
2021-05-10,172.11000061035156,90.20999908447266,4188.43017578125,64.91999816894531
2021-05-11,172.13999938964844,90.13999938964844,4152.10009765625,65.27999877929688
2021-05-12,170.42999267578125,90.70999908447266,4063.0400390625,66.08000183105469
2021-05-13,171.1300048828125,90.75,4112.5,63.81999969482422
2021-05-14,172.69000244140625,90.31999969482422,4173.85009765625,65.37000274658203
2021-05-17,174.6999969482422,90.22000122070312,4163.2900390625,66.2699966430664
2021-05-18,175.0399932861328,89.75,4127.830078125,65.48999786376953
2021-05-19,175.16000366210938,90.19000244140625,4115.68017578125,63.36000061035156
2021-05-20,175.9600067138672,89.80999755859375,4159.1201171875,62.04999923706055
2021-05-21,176.0399932861328,90.0199966430664,4155.85986328125,63.58000183105469
2021-05-24,176.35000610351562,89.83000183105469,4197.0498046875,66.05000305175781
2021-05-25,177.9499969482422,89.63999938964844,4188.1298828125,66.06999969482422
2021-05-26,177.63999938964844,90.04000091552734,4195.990234375,66.20999908447266
2021-05-27,177.7100067138672,89.97000122070312,4200.8798828125,66.8499984741211
2021-05-28,178.3800048828125,90.02999877929688,4204.10986328125,66.31999969482422
2021-06-01,177.89999389648438,89.83000183105469,4202.0400390625,67.72000122070312
2021-06-02,178.77000427246094,89.9000015258789,4208.1201171875,68.83000183105469
2021-06-03,175.27000427246094,90.5,4192.85009765625,68.80999755859375
2021-06-04,177.16000366210938,90.13999938964844,4229.89013671875,69.62000274658203
2021-06-07,177.8699951171875,89.94999694824219,4226.52001953125,69.2300033569336
2021-06-08,177.32000732421875,90.08000183105469,4227.259765625,70.05000305175781
2021-06-09,176.97999572753906,90.12000274658203,4219.5498046875,69.95999908447266
2021-06-10,177.74000549316406,90.08000183105469,4239.18017578125,70.29000091552734
2021-06-11,175.74000549316406,90.55999755859375,4247.43994140625,70.91000366210938
2021-06-14,174.7100067138672,90.5199966430664,4255.14990234375,70.87999725341797
2021-06-15,174.0500030517578,90.54000091552734,4246.58984375,72.12000274658203
2021-06-16,171.11000061035156,91.12999725341797,4223.7001953125,72.1500015258789
2021-06-17,165.85000610351562,91.88999938964844,4221.85986328125,71.04000091552734
2021-06-18,164.92999267578125,92.2300033569336,4166.4501953125,71.63999938964844
2021-06-21,166.9499969482422,91.86000061035156,4224.7900390625,73.66000366210938
2021-06-22,166.25,91.7300033569336,4246.43994140625,73.05999755859375
2021-06-23,166.13999938964844,91.80000305175781,4241.83984375,73.08000183105469
2021-06-24,166.0399932861328,91.81999969482422,4266.490234375,73.30000305175781
2021-06-25,166.58999633789062,91.80999755859375,4280.7001953125,74.05000305175781
2021-06-28,166.5800018310547,91.87999725341797,4290.60986328125,72.91000366210938
2021-06-29,164.8300018310547,92.05000305175781,4291.7998046875,72.9800033569336
2021-06-30,165.6300048828125,92.44000244140625,4297.5,73.47000122070312
2021-07-01,166.1999969482422,92.5999984741211,4319.93994140625,75.2300033569336
2021-07-02,167.2899932861328,92.2300033569336,4352.33984375,75.16000366210938
2021-07-06,168.1199951171875,92.55000305175781,4343.5400390625,73.37000274658203
2021-07-07,168.75999450683594,92.63999938964844,4358.1298828125,72.19999694824219
2021-07-08,168.64999389648438,92.36000061035156,4320.81982421875,72.94000244140625
2021-07-09,169.2100067138672,92.12999725341797,4369.5498046875,74.55999755859375
2021-07-12,169.0,92.2300033569336,4384.6298828125,74.0999984741211
2021-07-13,169.22000122070312,92.75,4369.2099609375,75.25
2021-07-14,171.0399932861328,92.41000366210938,4374.2998046875,73.12999725341797
2021-07-15,171.07000732421875,92.62000274658203,4360.02978515625,71.6500015258789
2021-07-16,169.41000366210938,92.69000244140625,4327.16015625,71.80999755859375
2021-07-19,169.61000061035156,92.88999938964844,4258.490234375,66.41999816894531
2021-07-20,169.38999938964844,92.97000122070312,4323.06005859375,67.41999816894531
2021-07-21,168.75999450683594,92.75,4358.68994140625,70.30000305175781
2021-07-22,169.08999633789062,92.81999969482422,4367.47998046875,71.91000366210938
2021-07-23,168.55999755859375,92.91000366210938,4411.7900390625,72.06999969482422
2021-07-26,168.16000366210938,92.6500015258789,4422.2998046875,71.91000366210938
2021-07-27,168.44000244140625,92.43000030517578,4401.4599609375,71.6500015258789
2021-07-28,169.2899932861328,92.31999969482422,4400.64013671875,72.38999938964844
2021-07-29,171.1699981689453,91.86000061035156,4419.14990234375,73.62000274658203
2021-07-30,169.82000732421875,92.16999816894531,4395.259765625,73.94999694824219
2021-08-02,169.61000061035156,92.05000305175781,4387.16015625,71.26000213623047
2021-08-03,169.49000549316406,92.08000183105469,4423.14990234375,70.55999755859375
2021-08-04,169.52999877929688,92.2699966430664,4402.66015625,68.1500015258789
2021-08-05,168.86000061035156,92.23999786376953,4429.10009765625,69.08999633789062
2021-08-06,164.63999938964844,92.80000305175781,4436.52001953125,68.27999877929688
2021-08-09,161.72000122070312,92.94999694824219,4432.35009765625,66.4800033569336
2021-08-10,161.77000427246094,93.05999755859375,4436.75,68.29000091552734
2021-08-11,164.0,92.91000366210938,4442.41015625,69.25
2021-08-12,164.0399932861328,93.04000091552734,4460.830078125,69.08999633789062
2021-08-13,166.38999938964844,92.5199966430664,4468.0,68.44000244140625
2021-08-16,167.22000122070312,92.62999725341797,4479.7099609375,67.29000091552734
2021-08-17,166.97000122070312,93.12999725341797,4448.080078125,66.58999633789062
2021-08-18,167.10000610351562,93.13999938964844,4400.27001953125,65.45999908447266
2021-08-19,166.61000061035156,93.56999969482422,4405.7998046875,63.689998626708984
2021-08-20,166.6999969482422,93.5,4441.669921875,62.31999969482422
2021-08-23,168.72999572753906,92.95999908447266,4479.52978515625,65.63999938964844
2021-08-24,168.64999389648438,92.88999938964844,4486.22998046875,67.54000091552734
2021-08-25,167.47999572753906,92.83000183105469,4496.18994140625,68.36000061035156
2021-08-26,167.6699981689453,93.05999755859375,4470.0,67.41999816894531
2021-08-27,170.19000244140625,92.69000244140625,4509.3701171875,68.73999786376953
2021-08-30,169.35000610351562,92.6500015258789,4528.7900390625,69.20999908447266
2021-08-31,169.69000244140625,92.62999725341797,4522.68017578125,68.5
2021-09-01,169.6999969482422,92.44999694824219,4524.08984375,68.58999633789062
2021-09-02,169.25,92.2300033569336,4536.9501953125,69.98999786376953
2021-09-03,171.05999755859375,92.04000091552734,4535.43017578125,69.29000091552734
2021-09-07,167.7100067138672,92.5199966430664,4520.02978515625,68.3499984741211
2021-09-08,167.2899932861328,92.6500015258789,4514.06982421875,69.30000305175781
2021-09-09,168.02999877929688,92.4800033569336,4493.27978515625,68.13999938964844
2021-09-10,167.17999267578125,92.58000183105469,4458.580078125,69.72000122070312
2021-09-13,167.74000549316406,92.62000274658203,4468.72998046875,70.44999694824219
2021-09-14,168.82000732421875,92.6500015258789,4443.0498046875,70.45999908447266
2021-09-15,167.8300018310547,92.48999786376953,4480.7001953125,72.61000061035156
2021-09-16,164.02999877929688,92.86000061035156,4473.75,72.61000061035156
2021-09-17,163.77000427246094,93.19999694824219,4432.990234375,71.97000122070312
2021-09-20,164.94000244140625,93.23999786376953,4357.72998046875,70.29000091552734
2021-09-21,166.0399932861328,93.19999694824219,4354.18994140625,70.55999755859375
2021-09-22,165.4199981689453,93.45999908447266,4395.64013671875,72.2300033569336
2021-09-23,163.50999450683594,93.0999984741211,4448.97998046875,73.30000305175781
2021-09-24,163.3000030517578,93.33000183105469,4455.47998046875,73.9800033569336
2021-09-27,163.63999938964844,93.37999725341797,4443.10986328125,75.44999694824219
2021-09-28,162.0500030517578,93.7699966430664,4352.6298828125,75.29000091552734
2021-09-29,161.32000732421875,94.33999633789062,4359.4599609375,74.83000183105469
2021-09-30,164.22000122070312,94.25,4307.5400390625,75.02999877929688
2021-10-01,164.58999633789062,94.04000091552734,4357.0400390625,75.87999725341797
2021-10-04,165.36000061035156,93.80999755859375,4300.4599609375,77.62000274658203
2021-10-05,164.58999633789062,93.9800033569336,4345.72021484375,78.93000030517578
2021-10-06,165.02999877929688,94.2699966430664,4363.5498046875,77.43000030517578
2021-10-07,164.16000366210938,94.22000122070312,4399.759765625,78.30000305175781
2021-10-08,164.22999572753906,94.06999969482422,4391.33984375,79.3499984741211
2021-10-11,163.9199981689453,94.31999969482422,4361.18994140625,80.5199966430664
2021-10-12,164.66000366210938,94.5199966430664,4350.64990234375,80.63999938964844
2021-10-13,167.58999633789062,94.08000183105469,4363.7998046875,80.44000244140625
2021-10-14,168.0,93.95999908447266,4438.259765625,81.30999755859375
2021-10-15,165.3300018310547,93.94000244140625,4471.3701171875,82.27999877929688
2021-10-18,164.9199981689453,93.94999694824219,4486.4599609375,82.44000244140625
2021-10-19,165.4499969482422,93.79000091552734,4519.6298828125,82.95999908447266
2021-10-20,166.89999389648438,93.55999755859375,4536.18994140625,83.87000274658203
2021-10-21,166.75,93.7699966430664,4549.77978515625,82.5
2021-10-22,167.77000427246094,93.61000061035156,4544.89990234375,83.76000213623047
2021-10-25,168.92999267578125,93.80999755859375,4566.47998046875,83.76000213623047
2021-10-26,167.67999267578125,93.94999694824219,4574.7900390625,84.6500015258789
2021-10-27,168.1199951171875,93.86000061035156,4551.68017578125,82.66000366210938
2021-10-28,168.0800018310547,93.3499984741211,4596.419921875,82.80999755859375
2021-10-29,166.64999389648438,94.12000274658203,4605.3798828125,83.56999969482422
2021-11-01,167.52000427246094,93.87999725341797,4613.669921875,84.05000305175781
2021-11-02,167.16000366210938,94.08999633789062,4630.64990234375,83.91000366210938
2021-11-03,165.77000427246094,93.86000061035156,4660.56982421875,80.86000061035156
2021-11-04,167.64999389648438,94.3499984741211,4680.06005859375,78.80999755859375
2021-11-05,169.83999633789062,94.31999969482422,4697.52978515625,81.2699966430664
2021-11-08,170.4499969482422,94.05000305175781,4701.7001953125,81.93000030517578
2021-11-09,171.2899932861328,93.95999908447266,4685.25,84.1500015258789
2021-11-10,173.14999389648438,94.8499984741211,4646.7099609375,81.33999633789062
2021-11-11,174.1199951171875,95.18000030517578,4649.27001953125,81.58999633789062
2021-11-12,174.4499969482422,95.12999725341797,4682.85009765625,80.79000091552734
2021-11-15,174.17999267578125,95.41000366210938,4682.7998046875,80.87999725341797
2021-11-16,172.9199981689453,95.91999816894531,4700.89990234375,80.76000213623047
2021-11-17,174.5,95.83000183105469,4688.669921875,78.36000061035156
2021-11-18,173.94000244140625,95.54000091552734,4704.5400390625,79.01000213623047
2021-11-19,172.61000061035156,96.06999969482422,4697.9599609375,76.0999984741211
2021-11-22,168.74000549316406,96.5,4682.93994140625,76.75
2021-11-23,167.27999877929688,96.48999786376953,4690.7001953125,78.5
2021-11-24,167.1199951171875,96.83999633789062,4701.4599609375,78.38999938964844
2021-11-26,166.85000610351562,96.08999633789062,4594.6201171875,68.1500015258789
2021-11-29,166.6199951171875,96.33999633789062,4655.27001953125,69.94999694824219
2021-11-30,165.5,95.98999786376953,4567.0,66.18000030517578
2021-12-01,166.16000366210938,96.05000305175781,4513.0400390625,65.56999969482422
2021-12-02,165.24000549316406,96.12999725341797,4577.10009765625,66.5
2021-12-03,166.6300048828125,96.12000274658203,4538.43017578125,66.26000213623047
2021-12-06,166.22000122070312,96.29000091552734,4591.669921875,69.48999786376953
2021-12-07,166.80999755859375,96.37000274658203,4686.75,72.05000305175781
2021-12-08,166.89999389648438,95.88999938964844,4701.2099609375,72.36000061035156
2021-12-09,165.8800048828125,96.2699966430664,4667.4501953125,70.94000244140625
2021-12-10,166.5800018310547,96.05000305175781,4712.02001953125,71.66999816894531
2021-12-13,167.0,96.31999969482422,4668.97021484375,71.29000091552734
2021-12-14,165.44000244140625,96.56999969482422,4634.08984375,70.7300033569336
2021-12-15,166.14999389648438,96.51000213623047,4709.85009765625,70.87000274658203
2021-12-16,168.16000366210938,96.04000091552734,4668.669921875,72.37999725341797
2021-12-17,167.8000030517578,96.56999969482422,4620.64013671875,70.86000061035156
2021-12-20,167.08999633789062,96.55000305175781,4568.02001953125,68.2300033569336
2021-12-21,167.02000427246094,96.48999786376953,4649.22998046875,71.12000274658203
2021-12-22,168.58999633789062,96.08000183105469,4696.56005859375,72.76000213623047
2021-12-23,168.97000122070312,96.0199966430664,4725.7900390625,73.79000091552734
2021-12-27,169.3699951171875,96.08999633789062,4791.18994140625,75.56999969482422
2021-12-28,168.63999938964844,96.19999694824219,4786.35009765625,75.9800033569336
2021-12-29,168.58999633789062,95.93000030517578,4793.06005859375,76.55999755859375
2021-12-30,169.8000030517578,95.97000122070312,4778.72998046875,76.98999786376953
2021-12-31,170.9600067138672,95.66999816894531,4766.18017578125,75.20999908447266
2022-01-03,168.3300018310547,96.23999786376953,4796.56005859375,76.08000183105469
2022-01-04,169.57000732421875,96.29000091552734,4793.5400390625,76.98999786376953
2022-01-05,169.05999755859375,96.19000244140625,4700.580078125,77.8499984741211
2022-01-06,166.99000549316406,96.25,4696.0498046875,79.45999908447266
2022-01-07,167.75,95.73999786376953,4677.02978515625,78.9000015258789
2022-01-10,168.25999450683594,95.98999786376953,4670.2900390625,78.2300033569336
2022-01-11,170.2899932861328,95.62000274658203,4713.06982421875,81.22000122070312
2022-01-12,170.74000549316406,95.0,4726.35009765625,82.63999938964844
2022-01-13,170.16000366210938,94.79000091552734,4659.02978515625,82.12000274658203
2022-01-14,169.6699981689453,95.16999816894531,4662.85009765625,83.81999969482422
2022-01-18,169.38999938964844,95.7300033569336,4577.10986328125,85.43000030517578
2022-01-19,172.0800018310547,95.51000213623047,4532.759765625,86.95999908447266
2022-01-20,171.64999389648438,95.73999786376953,4482.72998046875,86.9000015258789
2022-01-21,171.08999633789062,95.63999938964844,4397.93994140625,85.13999938964844
2022-01-24,172.02999877929688,95.91999816894531,4410.1298828125,83.30999755859375
2022-01-25,172.5800018310547,95.94999694824219,4356.4501953125,85.5999984741211
2022-01-26,169.7899932861328,96.48999786376953,4349.93017578125,87.3499984741211
2022-01-27,167.60000610351562,97.26000213623047,4326.509765625,86.61000061035156
2022-01-28,167.10000610351562,97.2699966430664,4431.85009765625,86.81999969482422
2022-01-31,168.08999633789062,96.54000091552734,4515.5498046875,88.1500015258789
2022-02-01,168.22999572753906,96.38999938964844,4546.5400390625,88.19999694824219
2022-02-02,168.83999633789062,95.94000244140625,4589.3798828125,88.26000213623047
2022-02-03,168.60000610351562,95.37999725341797,4477.43994140625,90.2699966430664
2022-02-04,168.86000061035156,95.4800033569336,4500.52978515625,92.30999755859375
2022-02-07,170.11000061035156,95.4000015258789,4483.8701171875,91.31999969482422
2022-02-08,170.6300048828125,95.63999938964844,4521.5400390625,89.36000061035156
2022-02-09,171.2100067138672,95.48999786376953,4587.18017578125,89.66000366210938
2022-02-10,170.55999755859375,95.55000305175781,4504.080078125,89.87999725341797
2022-02-11,173.80999755859375,96.08000183105469,4418.64013671875,93.0999984741211
2022-02-14,174.74000549316406,96.37000274658203,4401.669921875,95.45999908447266
2022-02-15,173.0800018310547,95.98999786376953,4471.06982421875,92.06999969482422
2022-02-16,174.86000061035156,95.69999694824219,4475.009765625,93.66000366210938
2022-02-17,177.25,95.80000305175781,4380.259765625,91.76000213623047
2022-02-18,177.1199951171875,96.04000091552734,4348.8701171875,91.06999969482422
2022-02-22,177.49000549316406,96.02999877929688,4304.759765625,92.3499984741211
2022-02-23,178.2899932861328,96.19000244140625,4225.5,92.0999984741211
2022-02-24,177.13999938964844,97.13999938964844,4288.7001953125,92.80999755859375
2022-02-25,176.5500030517578,96.62000274658203,4384.64990234375,91.58999633789062
2022-02-28,178.3800048828125,96.70999908447266,4373.93994140625,95.72000122070312
2022-03-01,181.6199951171875,97.41000366210938,4306.259765625,103.41000366210938
2022-03-02,179.72999572753906,97.38999938964844,4386.5400390625,110.5999984741211
2022-03-03,180.8000030517578,97.79000091552734,4363.490234375,107.66999816894531
2022-03-04,183.67999267578125,98.6500015258789,4328.8701171875,115.68000030517578
2022-03-07,186.41000366210938,99.29000091552734,4201.08984375,119.4000015258789
2022-03-08,191.50999450683594,99.05999755859375,4170.7001953125,123.69999694824219
2022-03-09,185.82000732421875,97.97000122070312,4277.8798828125,108.69999694824219
2022-03-10,186.39999389648438,98.51000213623047,4259.52001953125,106.0199966430664
2022-03-11,185.08999633789062,99.12000274658203,4204.31005859375,109.33000183105469
2022-03-14,182.3000030517578,99.05999755859375,4173.10986328125,103.01000213623047
2022-03-15,178.88999938964844,99.06999969482422,4262.4501953125,96.44000244140625
2022-03-16,180.00999450683594,98.37999725341797,4357.85986328125,95.04000091552734
2022-03-17,180.88999938964844,98.01000213623047,4411.669921875,102.9800033569336
2022-03-18,179.3000030517578,98.2300033569336,4463.1201171875,104.69999694824219
2022-03-21,180.6699981689453,98.5,4461.18017578125,112.12000274658203
2022-03-22,179.36000061035156,98.48999786376953,4511.60986328125,111.76000213623047
2022-03-23,181.80999755859375,98.62000274658203,4456.240234375,114.93000030517578
2022-03-24,183.1300048828125,98.79000091552734,4520.16015625,112.33999633789062
2022-03-25,182.3800048828125,98.80999755859375,4543.06005859375,113.9000015258789
2022-03-28,179.05999755859375,99.08999633789062,4575.52001953125,105.95999908447266
2022-03-29,179.13999938964844,98.4000015258789,4631.60009765625,104.23999786376953
2022-03-30,180.5800018310547,97.79000091552734,4602.4501953125,107.81999969482422
2022-03-31,180.64999389648438,98.30999755859375,4530.41015625,100.27999877929688
2022-04-01,179.5,98.62999725341797,4545.85986328125,99.2699966430664
2022-04-04,180.3699951171875,98.98999786376953,4582.64013671875,103.27999877929688
2022-04-05,179.24000549316406,99.47000122070312,4525.1201171875,101.95999908447266
2022-04-06,179.66000366210938,99.5999984741211,4481.14990234375,96.2300033569336
2022-04-07,180.33999633789062,99.75,4500.2099609375,96.02999877929688
2022-04-08,181.47000122070312,99.80000305175781,4488.27978515625,98.26000213623047
2022-04-11,182.3699951171875,99.93000030517578,4412.52978515625,94.29000091552734
2022-04-12,183.77000427246094,100.29000091552734,4397.4501953125,100.5999984741211
2022-04-13,184.64999389648438,99.87999725341797,4446.58984375,104.25
2022-04-14,184.0399932861328,100.31999969482422,4392.58984375,106.94999694824219
2022-04-18,184.61000061035156,100.77999877929688,4391.68994140625,108.20999908447266
2022-04-19,181.82000732421875,100.95999908447266,4462.2099609375,102.55999755859375
2022-04-20,182.7100067138672,100.38999938964844,4459.4501953125,102.75
2022-04-21,182.05999755859375,100.58000183105469,4393.66015625,103.79000091552734
2022-04-22,180.2899932861328,101.22000122070312,4271.77978515625,102.06999969482422
2022-04-25,177.0500030517578,101.75,4296.1201171875,98.54000091552734
2022-04-26,177.32000732421875,102.30000305175781,4175.2001953125,101.69999694824219
2022-04-27,175.97999572753906,102.94999694824219,4183.9599609375,102.0199966430664
2022-04-28,176.92999267578125,103.62000274658203,4287.5,105.36000061035156
2022-04-29,176.91000366210938,102.95999908447266,4131.93017578125,104.69000244140625
2022-05-02,173.6300048828125,103.73999786376953,4155.3798828125,105.16999816894531
2022-05-03,174.08999633789062,103.47000122070312,4175.47998046875,102.41000366210938
2022-05-04,175.8000030517578,102.58999633789062,4300.169921875,107.80999755859375
2022-05-05,175.1300048828125,103.75,4146.8701171875,108.26000213623047
2022-05-06,175.4199981689453,103.66000366210938,4123.33984375,109.7699966430664
2022-05-09,172.8800048828125,103.6500015258789,3991.239990234375,103.08999633789062
2022-05-10,171.4199981689453,103.91999816894531,4001.050048828125,99.76000213623047
2022-05-11,172.82000732421875,103.8499984741211,3935.179931640625,105.70999908447266
2022-05-12,170.1699981689453,104.8499984741211,3930.080078125,106.12999725341797
2022-05-13,168.7899932861328,104.55999755859375,4023.889892578125,110.48999786376953
2022-05-16,170.39999389648438,104.19000244140625,4008.010009765625,114.19999694824219
2022-05-17,169.3300018310547,103.36000061035156,4088.85009765625,112.4000015258789
2022-05-18,169.4199981689453,103.80999755859375,3923.679931640625,109.58999633789062
2022-05-19,171.91000366210938,102.72000122070312,3900.7900390625,112.20999908447266
2022-05-20,172.02999877929688,103.1500015258789,3901.360107421875,113.2300033569336
2022-05-23,172.8300018310547,102.08000183105469,3973.75,110.29000091552734
2022-05-24,174.1300048828125,101.86000061035156,3941.47998046875,109.7699966430664
2022-05-25,173.0800018310547,102.05999755859375,3978.72998046875,110.33000183105469
2022-05-26,172.75999450683594,101.83000183105469,4057.840087890625,114.08999633789062
2022-05-27,172.85000610351562,101.66999816894531,4158.240234375,115.06999969482422
2022-05-31,171.13999938964844,101.75,4132.14990234375,114.66999816894531
2022-06-01,172.22999572753906,102.55000305175781,4101.22998046875,115.26000213623047
2022-06-02,174.35000610351562,101.7699966430664,4176.81982421875,116.87000274658203
2022-06-03,172.5800018310547,102.13999938964844,4108.5400390625,118.87000274658203
2022-06-06,171.82000732421875,102.44000244140625,4121.43017578125,118.5
2022-06-07,172.94000244140625,102.31999969482422,4160.68017578125,119.41000366210938
2022-06-08,172.77999877929688,102.54000091552734,4115.77001953125,122.11000061035156
2022-06-09,172.22999572753906,103.22000122070312,4017.820068359375,121.51000213623047
2022-06-10,174.5399932861328,104.1500015258789,3900.860107421875,120.66999816894531
2022-06-13,169.92999267578125,105.08000183105469,3749.6298828125,120.93000030517578
2022-06-14,168.57000732421875,105.5199966430664,3735.47998046875,118.93000030517578
2022-06-15,170.77000427246094,105.16000366210938,3789.989990234375,115.30999755859375
2022-06-16,172.69000244140625,103.62999725341797,3666.77001953125,117.58999633789062
2022-06-17,171.27000427246094,104.69999694824219,3674.840087890625,109.55999755859375
2022-06-21,170.6300048828125,104.44000244140625,3764.7900390625,110.6500015258789
2022-06-22,171.30999755859375,104.19999694824219,3759.889892578125,106.19000244140625
2022-06-23,170.25999450683594,104.43000030517578,3795.72998046875,104.2699966430664
2022-06-24,170.08999633789062,104.19000244140625,3911.739990234375,107.62000274658203
2022-06-27,169.89999389648438,103.94000244140625,3900.110107421875,109.56999969482422
2022-06-28,169.6199951171875,104.51000213623047,3821.550048828125,111.76000213623047
2022-06-29,169.49000549316406,105.11000061035156,3818.830078125,109.77999877929688
2022-06-30,168.4600067138672,104.69000244140625,3785.3798828125,105.76000213623047
2022-07-01,168.32000732421875,105.13999938964844,3825.330078125,108.43000030517578
2022-07-05,164.75,106.5,3831.389892578125,99.5
2022-07-06,162.13999938964844,107.0999984741211,3845.080078125,98.52999877929688
2022-07-07,162.22999572753906,107.12999725341797,3902.6201171875,102.7300033569336
2022-07-08,162.3000030517578,107.01000213623047,3899.3798828125,104.79000091552734
2022-07-11,161.42999267578125,108.0199966430664,3854.429931640625,104.08999633789062
2022-07-12,160.8300018310547,108.06999969482422,3818.800048828125,95.83999633789062
2022-07-13,161.60000610351562,107.95999908447266,3801.780029296875,96.30000305175781
2022-07-14,159.3300018310547,108.54000091552734,3790.3798828125,95.77999877929688
2022-07-15,159.00999450683594,108.05999755859375,3863.159912109375,97.58999633789062
2022-07-18,159.16000366210938,107.37000274658203,3830.85009765625,102.5999984741211
2022-07-19,159.5399932861328,106.68000030517578,3936.68994140625,104.22000122070312
2022-07-20,158.0399932861328,107.08000183105469,3959.89990234375,102.26000213623047
2022-07-21,160.27000427246094,106.91000366210938,3998.949951171875,96.3499984741211
2022-07-22,160.6699981689453,106.7300033569336,3961.6298828125,94.69999694824219
2022-07-25,160.22999572753906,106.4800033569336,3966.840087890625,96.69999694824219
2022-07-26,160.0399932861328,107.19000244140625,3921.050048828125,94.9800033569336
2022-07-27,161.6699981689453,106.44999694824219,4023.610107421875,97.26000213623047
2022-07-28,163.63999938964844,106.3499984741211,4072.429931640625,96.41999816894531
2022-07-29,164.10000610351562,105.9000015258789,4130.2900390625,98.62000274658203
2022-08-01,165.02999877929688,105.44999694824219,4118.6298828125,93.88999938964844
2022-08-02,164.0500030517578,106.23999786376953,4091.18994140625,94.41999816894531
2022-08-03,164.4499969482422,106.51000213623047,4155.169921875,90.66000366210938
2022-08-04,167.1699981689453,105.69000244140625,4151.93994140625,88.54000091552734
2022-08-05,165.2899932861328,106.62000274658203,4145.18994140625,89.01000213623047
2022-08-08,166.69000244140625,106.44000244140625,4140.06005859375,90.76000213623047
2022-08-09,167.1999969482422,106.37000274658203,4122.47021484375,90.5
2022-08-10,166.77999877929688,105.19999694824219,4210.240234375,91.93000030517578
2022-08-11,166.33999633789062,105.08999633789062,4207.27001953125,94.33999633789062
2022-08-12,167.8699951171875,105.62999725341797,4280.14990234375,92.08999633789062
2022-08-15,165.7100067138672,106.55000305175781,4297.14013671875,89.41000366210938
2022-08-16,165.4199981689453,106.5,4305.2001953125,86.52999877929688
2022-08-17,164.35000610351562,106.56999969482422,4274.0400390625,88.11000061035156
2022-08-18,163.9199981689453,107.4800033569336,4283.740234375,90.5
2022-08-19,162.72000122070312,108.16999816894531,4228.47998046875,90.7699966430664
2022-08-22,161.63999938964844,109.05000305175781,4137.990234375,90.2300033569336
2022-08-23,162.77000427246094,108.62000274658203,4128.72998046875,93.73999786376953
2022-08-24,163.25,108.68000030517578,4140.77001953125,94.88999938964844
2022-08-25,163.75,108.47000122070312,4199.1201171875,92.5199966430664
2022-08-26,161.75999450683594,108.80000305175781,4057.659912109375,93.05999755859375
2022-08-29,161.86000061035156,108.83999633789062,4030.610107421875,97.01000213623047
2022-08-30,160.50999450683594,108.7699966430664,3986.159912109375,91.63999938964844
2022-08-31,159.27000427246094,108.69999694824219,3955.0,89.55000305175781
2022-09-01,157.8699951171875,109.69000244140625,3966.85009765625,86.61000061035156
2022-09-02,159.25999450683594,109.52999877929688,3924.260009765625,86.87000274658203
2022-09-06,158.3300018310547,110.20999908447266,3908.18994140625,86.87999725341797
2022-09-07,159.94000244140625,109.83999633789062,3979.8701171875,81.94000244140625
2022-09-08,158.97999572753906,109.70999908447266,4006.179931640625,83.54000091552734
2022-09-09,159.82000732421875,109.0,4067.360107421875,86.79000091552734
2022-09-12,160.6300048828125,108.33000183105469,4110.41015625,87.77999877929688
2022-09-13,158.5399932861328,109.81999969482422,3932.68994140625,87.30999755859375
2022-09-14,157.92999267578125,109.66000366210938,3946.010009765625,88.4800033569336
2022-09-15,154.97999572753906,109.73999786376953,3901.35009765625,85.0999984741211
2022-09-16,155.83999633789062,109.76000213623047,3873.330078125,85.11000061035156
2022-09-19,155.9600067138672,109.73999786376953,3899.889892578125,85.7300033569336
2022-09-20,155.07000732421875,110.22000122070312,3855.929931640625,84.44999694824219
2022-09-21,155.7899932861328,110.63999938964844,3789.929931640625,82.94000244140625
2022-09-22,155.6999969482422,111.3499984741211,3757.989990234375,83.48999786376953
2022-09-23,153.00999450683594,113.19000244140625,3693.22998046875,78.73999786376953
2022-09-26,151.22999572753906,114.0999984741211,3655.0400390625,76.70999908447266
2022-09-27,151.5399932861328,114.11000061035156,3647.2900390625,78.5
2022-09-28,154.69000244140625,112.5999984741211,3719.0400390625,82.1500015258789
2022-09-29,154.66000366210938,112.25,3640.469970703125,81.2300033569336
2022-09-30,154.6699981689453,112.12000274658203,3585.6201171875,79.48999786376953
2022-10-03,158.42999267578125,111.75,3678.429931640625,83.62999725341797
2022-10-04,160.6999969482422,110.06999969482422,3790.929931640625,86.5199966430664
2022-10-05,159.80999755859375,111.06999969482422,3783.280029296875,87.76000213623047
2022-10-06,159.6300048828125,112.26000213623047,3744.52001953125,88.44999694824219
2022-10-07,157.8800048828125,112.80000305175781,3639.659912109375,92.63999938964844
2022-10-10,155.47999572753906,113.13999938964844,3612.389892578125,91.12999725341797
2022-10-11,155.16000366210938,113.22000122070312,3588.840087890625,89.3499984741211
2022-10-12,155.99000549316406,113.31999969482422,3577.030029296875,87.2699966430664
2022-10-13,154.91000366210938,112.36000061035156,3669.909912109375,89.11000061035156
2022-10-14,152.97999572753906,113.30999755859375,3583.070068359375,85.61000061035156
2022-10-17,153.4199981689453,112.04000091552734,3677.949951171875,85.45999908447266
2022-10-18,153.75,112.12999725341797,3719.97998046875,82.81999969482422
2022-10-19,151.69000244140625,112.9800033569336,3695.159912109375,85.55000305175781
2022-10-20,151.4499969482422,112.87999725341797,3665.780029296875,85.9800033569336
2022-10-21,154.14999389648438,112.01000213623047,3752.75,85.05000305175781
2022-10-24,153.64999389648438,111.98999786376953,3797.340087890625,84.58000183105469
2022-10-25,154.0,110.94999694824219,3859.110107421875,85.31999969482422
2022-10-26,154.97999572753906,109.69999694824219,3830.60009765625,87.91000366210938
2022-10-27,154.74000549316406,110.58999633789062,3807.300048828125,89.08000183105469
2022-10-28,153.16000366210938,110.66999816894531,3901.06005859375,87.9000015258789
2022-10-31,151.91000366210938,111.52999877929688,3871.97998046875,86.52999877929688
2022-11-01,153.4600067138672,111.4800033569336,3856.10009765625,88.37000274658203
2022-11-02,152.38999938964844,111.3499984741211,3759.68994140625,90.0
2022-11-03,151.80999755859375,112.93000030517578,3719.889892578125,88.16999816894531
2022-11-04,156.47000122070312,110.87999725341797,3770.550048828125,92.61000061035156
2022-11-07,155.85000610351562,110.12000274658203,3806.800048828125,91.79000091552734
2022-11-08,159.4499969482422,109.62000274658203,3828.110107421875,88.91000366210938
2022-11-09,158.64999389648438,110.55000305175781,3748.570068359375,85.83000183105469
2022-11-10,163.47999572753906,108.20999908447266,3956.3701171875,86.47000122070312
2022-11-11,164.55999755859375,106.29000091552734,3992.929931640625,88.95999908447266
2022-11-14,164.9199981689453,106.66000366210938,3957.25,85.87000274658203
2022-11-15,165.5,106.4000015258789,3991.72998046875,86.91999816894531
2022-11-16,165.1199951171875,106.27999877929688,3958.7900390625,85.58999633789062
2022-11-17,163.9199981689453,106.69000244140625,3946.56005859375,81.63999938964844
2022-11-18,162.7899932861328,106.93000030517578,3965.340087890625,80.08000183105469
2022-11-21,161.8800048828125,107.83999633789062,3949.93994140625,79.7300033569336
2022-11-22,162.07000732421875,107.22000122070312,4003.580078125,80.94999694824219
2022-11-23,163.0800018310547,106.08000183105469,4027.260009765625,77.94000244140625
2022-11-25,163.22000122070312,105.95999908447266,4026.1201171875,76.27999877929688
2022-11-28,161.92999267578125,106.68000030517578,3963.93994140625,77.23999786376953
2022-11-29,162.72999572753906,106.81999969482422,3957.6298828125,78.19999694824219
2022-11-30,164.80999755859375,105.94999694824219,4080.110107421875,80.55000305175781
2022-12-01,167.83999633789062,104.7300033569336,4076.570068359375,81.22000122070312
2022-12-02,167.25999450683594,104.55000305175781,4071.699951171875,79.9800033569336
2022-12-05,164.38999938964844,105.29000091552734,3998.840087890625,76.93000030517578
2022-12-06,164.83999633789062,105.58000183105469,3941.260009765625,74.25
2022-12-07,166.3300018310547,105.0999984741211,3933.919921875,72.01000213623047
2022-12-08,166.47000122070312,104.7699966430664,3963.510009765625,71.45999908447266
2022-12-09,167.05999755859375,104.80999755859375,3934.3798828125,71.0199966430664
2022-12-12,165.67999267578125,105.12999725341797,3990.56005859375,73.16999816894531
2022-12-13,168.50999450683594,103.9800033569336,4019.64990234375,75.38999938964844
2022-12-14,168.10000610351562,103.7699966430664,3995.320068359375,77.27999877929688
2022-12-15,165.35000610351562,104.55999755859375,3895.75,76.11000061035156
2022-12-16,166.7899932861328,104.69999694824219,3852.360107421875,74.29000091552734
2022-12-19,166.32000732421875,104.72000122070312,3817.659912109375,75.19000244140625
2022-12-20,169.0800018310547,103.97000122070312,3821.6201171875,76.08999633789062
2022-12-21,168.8000030517578,104.16000366210938,3878.43994140625,78.29000091552734
2022-12-22,166.75999450683594,104.43000030517578,3822.389892578125,77.48999786376953
2022-12-23,167.25999450683594,104.30999755859375,3844.820068359375,79.55999755859375
2022-12-27,168.6699981689453,104.18000030517578,3829.25,79.52999877929688
2022-12-28,167.91000366210938,104.45999908447266,3783.219970703125,78.95999908447266
2022-12-29,168.85000610351562,103.83999633789062,3849.280029296875,78.4000015258789
2022-12-30,169.63999938964844,103.5199966430664,3839.5,80.26000213623047
2023-01-03,171.05999755859375,104.5199966430664,3824.139892578125,76.93000030517578
2023-01-04,172.6699981689453,104.25,3852.969970703125,72.83999633789062
2023-01-05,170.52000427246094,105.04000091552734,3808.10009765625,73.66999816894531
2023-01-06,173.7100067138672,103.87999725341797,3895.080078125,73.7699966430664
2023-01-09,174.10000610351562,103.0,3892.090087890625,74.62999725341797
2023-01-10,174.74000549316406,103.23999786376953,3919.25,75.12000274658203
2023-01-11,174.6199951171875,103.19000244140625,3969.610107421875,77.41000366210938
2023-01-12,176.63999938964844,102.25,3983.169921875,78.38999938964844
2023-01-13,178.75999450683594,102.19999694824219,3999.090087890625,79.86000061035156
2023-01-17,177.58999633789062,102.38999938964844,3990.969970703125,80.18000030517578
2023-01-18,177.0800018310547,102.36000061035156,3928.860107421875,79.4800033569336
2023-01-19,179.88999938964844,102.05999755859375,3898.85009765625,80.33000183105469
2023-01-20,179.2899932861328,102.01000213623047,3972.610107421875,81.30999755859375
2023-01-23,179.6300048828125,102.13999938964844,4019.81005859375,81.62000274658203
2023-01-24,180.27999877929688,101.91999816894531,4016.949951171875,80.12999725341797
2023-01-25,181.11000061035156,101.63999938964844,4016.219970703125,80.1500015258789
2023-01-26,179.47000122070312,101.83999633789062,4060.429931640625,81.01000213623047
2023-01-27,179.22000122070312,101.93000030517578,4070.56005859375,79.68000030517578
2023-01-30,178.75999450683594,102.27999877929688,4017.77001953125,77.9000015258789
2023-01-31,179.41000366210938,102.0999984741211,4076.60009765625,78.87000274658203
2023-02-01,181.6699981689453,101.22000122070312,4119.2099609375,76.41000366210938
2023-02-02,177.89999389648438,101.75,4179.759765625,75.87999725341797
2023-02-03,173.4600067138672,102.91999816894531,4136.47998046875,73.38999938964844
2023-02-06,173.82000732421875,103.62000274658203,4111.080078125,74.11000061035156
2023-02-07,173.97999572753906,103.43000030517578,4164.0,77.13999938964844
2023-02-08,174.41000366210938,103.41000366210938,4117.85986328125,78.47000122070312
2023-02-09,173.02999877929688,103.22000122070312,4081.5,78.05999755859375
2023-02-10,173.36000061035156,103.62999725341797,4090.4599609375,79.72000122070312
2023-02-13,172.47999572753906,103.3499984741211,4137.2900390625,80.13999938964844
2023-02-14,172.61000061035156,103.2300033569336,4136.1298828125,79.05999755859375
2023-02-15,170.88999938964844,103.91999816894531,4147.60009765625,78.58999633789062
2023-02-16,170.75,103.86000061035156,4090.409912109375,78.48999786376953
2023-02-17,171.25999450683594,103.86000061035156,4079.090087890625,76.33999633789062
2023-02-21,170.6199951171875,104.18000030517578,3997.340087890625,76.16000366210938
2023-02-22,169.66000366210938,104.58999633789062,3991.050048828125,73.94999694824219
2023-02-23,169.57000732421875,104.5999984741211,4012.320068359375,75.38999938964844
2023-02-24,168.35000610351562,105.20999908447266,3970.0400390625,76.31999969482422
2023-02-27,169.00999450683594,104.66999816894531,3982.239990234375,75.68000030517578
2023-02-28,169.77999877929688,104.87000274658203,3970.14990234375,77.05000305175781
2023-03-01,170.75999450683594,104.4800033569336,3951.389892578125,77.69000244140625
2023-03-02,170.66000366210938,105.02999877929688,3981.35009765625,78.16000366210938
2023-03-03,172.49000549316406,104.5199966430664,4045.639892578125,79.68000030517578
2023-03-06,171.6199951171875,104.3499984741211,4048.419921875,80.45999908447266
2023-03-07,168.6199951171875,105.62000274658203,3986.3701171875,77.58000183105469
2023-03-08,168.5399932861328,105.66000366210938,3992.010009765625,76.66000366210938
2023-03-09,170.1999969482422,105.30999755859375,3918.320068359375,75.72000122070312
2023-03-10,173.8699951171875,104.58000183105469,3861.590087890625,76.68000030517578
2023-03-13,177.86000061035156,103.5999984741211,3855.760009765625,74.80000305175781
2023-03-14,176.8300018310547,103.5999984741211,3919.2900390625,71.33000183105469
2023-03-15,178.2100067138672,104.6500015258789,3891.929931640625,67.61000061035156
2023-03-16,178.57000732421875,104.41999816894531,3960.280029296875,68.3499984741211
2023-03-17,183.77000427246094,103.70999908447266,3916.639892578125,66.73999786376953
2023-03-20,183.83999633789062,103.27999877929688,3951.570068359375,67.63999938964844
2023-03-21,180.3699951171875,103.26000213623047,4002.8701171875,69.33000183105469
2023-03-22,183.44000244140625,102.3499984741211,3936.969970703125,70.9000015258789
2023-03-23,185.74000549316406,102.52999877929688,3948.719970703125,69.95999908447266
2023-03-24,183.64999389648438,103.12000274658203,3970.989990234375,69.26000213623047
2023-03-27,181.9499969482422,102.86000061035156,3977.530029296875,72.80999755859375
2023-03-28,183.44000244140625,102.43000030517578,3971.27001953125,73.19999694824219
2023-03-29,182.52999877929688,102.63999938964844,4027.81005859375,72.97000122070312
2023-03-30,184.17999267578125,102.13999938964844,4050.830078125,74.37000274658203
2023-03-31,183.22000122070312,102.51000213623047,4109.31005859375,75.66999816894531
2023-04-03,184.5399932861328,102.08999633789062,4124.509765625,80.41999816894531
2023-04-04,187.97999572753906,101.58999633789062,4100.60009765625,80.70999908447266
2023-04-05,187.8300018310547,101.8499984741211,4090.3798828125,80.61000061035156
2023-04-06,186.49000549316406,101.81999969482422,4105.02001953125,80.69999694824219
2023-04-10,185.11000061035156,102.58000183105469,4109.10986328125,79.73999786376953
2023-04-11,186.27999877929688,102.19999694824219,4108.93994140625,81.52999877929688
2023-04-12,187.19000244140625,101.5,4091.949951171875,83.26000213623047
2023-04-13,189.72000122070312,101.01000213623047,4146.22021484375,82.16000366210938
2023-04-14,186.36000061035156,101.55000305175781,4137.64013671875,82.5199966430664
2023-04-17,185.52999877929688,102.0999984741211,4151.31982421875,80.83000183105469
2023-04-18,186.25,101.75,4154.8701171875,80.86000061035156
2023-04-19,185.36000061035156,101.97000122070312,4154.52001953125,79.16000366210938
2023-04-20,186.08999633789062,101.83999633789062,4129.7900390625,77.29000091552734
2023-04-21,184.25,101.81999969482422,4133.52001953125,77.87000274658203
2023-04-24,184.80999755859375,101.3499984741211,4137.0400390625,78.76000213623047
2023-04-25,185.75,101.86000061035156,4071.6298828125,77.06999969482422
2023-04-26,184.74000549316406,101.47000122070312,4055.989990234375,74.30000305175781
2023-04-27,184.75,101.5,4135.35009765625,74.76000213623047
2023-04-28,184.8000030517578,101.66999816894531,4169.47998046875,76.77999877929688
2023-05-01,183.97000122070312,102.1500015258789,4167.8701171875,75.66000366210938
2023-05-02,187.52000427246094,101.95999908447266,4119.580078125,71.66000366210938
2023-05-03,189.11000061035156,101.33999633789062,4090.75,68.5999984741211
2023-05-04,190.44000244140625,101.4000015258789,4061.219970703125,68.55999755859375
2023-05-05,187.4600067138672,101.20999908447266,4136.25,71.33999633789062
2023-05-08,187.69000244140625,101.37000274658203,4138.1201171875,73.16000366210938
2023-05-09,189.02000427246094,101.61000061035156,4119.169921875,73.70999908447266
2023-05-10,188.75,101.4800033569336,4137.64013671875,72.55999755859375
2023-05-11,187.1300048828125,102.05999755859375,4130.6201171875,70.87000274658203
2023-05-12,186.80999755859375,102.68000030517578,4124.080078125,70.04000091552734
2023-05-15,187.2100067138672,102.43000030517578,4136.27978515625,71.11000061035156
2023-05-16,184.8699951171875,102.55999755859375,4109.89990234375,70.86000061035156
2023-05-17,184.22999572753906,102.87999725341797,4158.77001953125,72.83000183105469
2023-05-18,181.83999633789062,103.58000183105469,4198.0498046875,71.86000061035156
2023-05-19,183.63999938964844,103.19999694824219,4191.97998046875,71.55000305175781
2023-05-22,183.2100067138672,103.19999694824219,4192.6298828125,71.98999786376953
2023-05-23,183.42999267578125,103.48999786376953,4145.580078125,72.91000366210938
2023-05-24,181.9499969482422,103.88999938964844,4115.240234375,74.33999633789062
2023-05-25,180.1999969482422,104.20999908447266,4151.27978515625,71.83000183105469
2023-05-26,180.9199981689453,104.20999908447266,4205.4501953125,72.66999816894531
2023-05-30,182.0399932861328,104.16999816894531,4205.52001953125,69.45999908447266
2023-05-31,182.32000732421875,104.31999969482422,4179.830078125,68.08999633789062
2023-06-01,183.75999450683594,103.55999755859375,4221.02001953125,70.0999984741211
2023-06-02,181.0500030517578,104.0199966430664,4282.3701171875,71.73999786376953
2023-06-05,182.13999938964844,104.0,4273.7900390625,72.1500015258789
2023-06-06,182.33999633789062,104.12999725341797,4283.85009765625,71.73999786376953
2023-06-07,180.14999389648438,104.0999984741211,4267.52001953125,72.52999877929688
2023-06-08,182.52999877929688,103.33999633789062,4293.93017578125,71.29000091552734
2023-06-09,182.0399932861328,103.55999755859375,4298.85986328125,70.16999816894531
2023-06-12,181.8800048828125,103.62999725341797,4338.93017578125,67.12000274658203
2023-06-13,180.5399932861328,103.33999633789062,4369.009765625,69.41999816894531
2023-06-14,180.63999938964844,103.01000213623047,4372.58984375,68.2699966430664
2023-06-15,181.91000366210938,102.12000274658203,4425.83984375,70.62000274658203
2023-06-16,181.6300048828125,102.30000305175781,4409.58984375,71.77999877929688
2023-06-20,179.75,102.54000091552734,4388.7099609375,70.5
2023-06-21,179.49000549316406,102.06999969482422,4365.68994140625,72.52999877929688
2023-06-22,177.7100067138672,102.38999938964844,4381.89013671875,69.51000213623047
2023-06-23,178.1999969482422,102.9000015258789,4348.330078125,69.16000366210938
2023-06-26,178.50999450683594,102.69000244140625,4328.81982421875,69.37000274658203
2023-06-27,177.69000244140625,102.48999786376953,4378.41015625,67.69999694824219
2023-06-28,177.27999877929688,102.91000366210938,4376.85986328125,69.55999755859375
2023-06-29,177.08999633789062,103.33999633789062,4396.43994140625,69.86000061035156
2023-06-30,178.27000427246094,102.91000366210938,4450.3798828125,70.63999938964844
2023-07-03,178.47000122070312,102.98999786376953,4455.58984375,69.79000091552734
2023-07-05,177.83999633789062,103.37000274658203,4446.81982421875,71.79000091552734
2023-07-06,177.30999755859375,103.16999816894531,4411.58984375,71.80000305175781
2023-07-07,178.63999938964844,102.2699966430664,4398.9501953125,73.86000061035156
2023-07-10,178.77999877929688,101.97000122070312,4409.52978515625,72.98999786376953
2023-07-11,179.4499969482422,101.7300033569336,4439.259765625,74.83000183105469
2023-07-12,181.8800048828125,100.5199966430664,4472.16015625,75.75
2023-07-13,182.00999450683594,99.7699966430664,4510.0400390625,76.88999938964844
2023-07-14,181.42999267578125,99.91000366210938,4505.419921875,75.41999816894531
2023-07-17,181.55999755859375,99.83999633789062,4522.7900390625,74.1500015258789
2023-07-18,183.63999938964844,99.94000244140625,4554.97998046875,75.75
2023-07-19,183.6699981689453,100.27999877929688,4565.72021484375,75.3499984741211
2023-07-20,182.74000549316406,100.87999725341797,4534.8701171875,75.62999725341797
2023-07-21,182.17999267578125,101.06999969482422,4536.33984375,77.06999969482422
2023-07-24,181.39999389648438,101.3499984741211,4554.64013671875,78.73999786376953
2023-07-25,182.41000366210938,101.3499984741211,4567.4599609375,79.62999725341797
2023-07-26,183.3000030517578,100.88999938964844,4566.75,78.77999877929688
2023-07-27,180.4199981689453,101.7699966430664,4537.41015625,80.08999633789062
2023-07-28,181.86000061035156,101.62000274658203,4582.22998046875,80.58000183105469
2023-07-31,182.35000610351562,101.86000061035156,4588.9599609375,81.80000305175781
2023-08-01,180.4600067138672,102.30000305175781,4576.72998046875,81.37000274658203
2023-08-02,179.60000610351562,102.58999633789062,4513.39013671875,79.48999786376953
2023-08-03,179.5399932861328,102.54000091552734,4501.89013671875,81.55000305175781
2023-08-04,180.19000244140625,102.0199966430664,4478.02978515625,82.81999969482422
2023-08-07,179.77999877929688,102.05000305175781,4518.43994140625,81.94000244140625
2023-08-08,178.63999938964844,102.52999877929688,4499.3798828125,82.91999816894531
2023-08-09,177.7899932861328,102.48999786376953,4467.7099609375,84.4000015258789
2023-08-10,177.60000610351562,102.5199966430664,4468.830078125,82.81999969482422
2023-08-11,177.60000610351562,102.83999633789062,4464.0498046875,83.19000244140625
2023-08-14,177.05999755859375,103.19000244140625,4489.72021484375,82.51000213623047
2023-08-15,176.58999633789062,103.20999908447266,4437.85986328125,80.98999786376953
2023-08-16,175.57000732421875,103.41999816894531,4404.330078125,79.37999725341797
2023-08-17,175.3000030517578,103.44000244140625,4370.35986328125,80.38999938964844
2023-08-18,175.3300018310547,103.37999725341797,4369.7099609375,81.25
2023-08-21,175.80999755859375,103.33000183105469,4399.77001953125,80.72000122070312
2023-08-22,176.10000610351562,103.55999755859375,4387.5498046875,80.3499984741211
2023-08-23,177.88999938964844,103.36000061035156,4436.009765625,78.88999938964844
2023-08-24,177.85000610351562,103.9800033569336,4376.31005859375,79.05000305175781
2023-08-25,177.6199951171875,104.08000183105469,4405.7099609375,79.83000183105469
2023-08-28,178.1300048828125,104.05999755859375,4433.31005859375,80.0999984741211
2023-08-29,179.8699951171875,103.55000305175781,4497.6298828125,81.16000366210938
2023-08-30,180.32000732421875,103.16000366210938,4514.8701171875,81.62999725341797
2023-08-31,180.02000427246094,103.62000274658203,4507.66015625,83.62999725341797
2023-09-01,180.11000061035156,104.23999786376953,4515.77001953125,85.55000305175781
2023-09-05,178.63999938964844,104.80999755859375,4496.830078125,86.69000244140625
2023-09-06,177.8300018310547,104.86000061035156,4465.47998046875,87.54000091552734
2023-09-07,178.02000427246094,105.05999755859375,4451.14013671875,86.87000274658203
2023-09-08,178.0800018310547,105.08999633789062,4457.490234375,87.51000213623047
2023-09-11,178.41000366210938,104.56999969482422,4487.4599609375,87.29000091552734
2023-09-12,177.49000549316406,104.70999908447266,4461.89990234375,88.83999633789062
2023-09-13,177.0800018310547,104.7699966430664,4467.43994140625,88.5199966430664
2023-09-14,177.1699981689453,105.41000366210938,4505.10009765625,90.16000366210938
2023-09-15,178.33999633789062,105.31999969482422,4450.31982421875,90.7699966430664
2023-09-18,179.38999938964844,105.19999694824219,4453.52978515625,91.4800033569336
2023-09-19,179.22000122070312,105.19999694824219,4443.9501953125,91.19999694824219
2023-09-20,179.35000610351562,105.16000366210938,4402.2001953125,90.27999877929688
2023-09-21,178.0500030517578,105.36000061035156,4330.0,89.62999725341797
2023-09-22,178.6199951171875,105.58000183105469,4320.06005859375,90.02999877929688
2023-09-25,177.6999969482422,106.0,4337.43994140625,89.68000030517578
2023-09-26,176.27999877929688,106.2300033569336,4273.52978515625,90.38999938964844
2023-09-27,174.10000610351562,106.66999816894531,4274.509765625,93.68000030517578
2023-09-28,173.22999572753906,106.22000122070312,4299.7001953125,91.70999908447266
2023-09-29,171.4499969482422,106.16999816894531,4288.0498046875,90.79000091552734
2023-10-02,169.64999389648438,106.9000015258789,4288.39013671875,88.81999969482422
2023-10-03,169.16000366210938,107.0,4229.4501953125,89.2300033569336
2023-10-04,169.13999938964844,106.80000305175781,4263.75,84.22000122070312
2023-10-05,168.8300018310547,106.33000183105469,4258.18994140625,82.30999755859375
2023-10-06,169.6999969482422,106.04000091552734,4308.5,82.79000091552734
2023-10-09,172.82000732421875,106.08000183105469,4335.66015625,86.37999725341797
2023-10-10,172.52999877929688,105.83000183105469,4358.240234375,85.97000122070312
2023-10-11,173.7899932861328,105.81999969482422,4376.9501953125,83.48999786376953
2023-10-12,173.25999450683594,106.56999969482422,4349.60986328125,82.91000366210938
2023-10-13,178.8300018310547,106.6500015258789,4327.77978515625,87.69000244140625
2023-10-16,177.9600067138672,106.23999786376953,4373.6298828125,86.66000366210938
2023-10-17,178.2899932861328,106.25,4373.2001953125,86.66000366210938
2023-10-18,180.8699951171875,106.56999969482422,4314.60009765625,88.31999969482422
2023-10-19,183.08999633789062,106.25,4278.0,89.37000274658203
2023-10-20,183.58999633789062,106.16000366210938,4224.16015625,88.75
2023-10-23,182.97000122070312,105.54000091552734,4217.0400390625,85.48999786376953
2023-10-24,182.9499969482422,106.2699966430664,4247.68017578125,83.73999786376953
2023-10-25,183.72000122070312,106.52999877929688,4186.77001953125,85.38999938964844
2023-10-26,184.00999450683594,106.5999984741211,4137.22998046875,83.20999908447266
2023-10-27,186.14999389648438,106.55999755859375,4117.3701171875,85.54000091552734
2023-10-30,185.10000610351562,106.12000274658203,4166.81982421875,82.30999755859375
2023-10-31,184.08999633789062,106.66000366210938,4193.7998046875,81.0199966430664
2023-11-01,183.50999450683594,106.87999725341797,4237.85986328125,80.44000244140625
2023-11-02,184.1199951171875,106.12000274658203,4317.77978515625,82.45999908447266
2023-11-03,184.7899932861328,105.0199966430664,4358.33984375,80.51000213623047
2023-11-06,183.35000610351562,105.22000122070312,4365.97998046875,80.81999969482422
2023-11-07,182.58999633789062,105.54000091552734,4378.3798828125,77.37000274658203
2023-11-08,180.77000427246094,105.58999633789062,4382.77978515625,75.33000183105469
2023-11-09,181.49000549316406,105.91000366210938,4347.35009765625,75.73999786376953
2023-11-10,179.50999450683594,105.86000061035156,4415.240234375,77.16999816894531
2023-11-13,180.50999450683594,105.66000366210938,4411.5498046875,78.26000213623047
2023-11-14,182.1199951171875,104.11000061035156,4495.7001953125,78.26000213623047
2023-11-15,181.63999938964844,104.38999938964844,4502.8798828125,76.66000366210938
2023-11-16,183.69000244140625,104.37000274658203,4508.240234375,72.9000015258789
2023-11-17,183.6699981689453,103.81999969482422,4514.02001953125,75.88999938964844
2023-11-20,183.3699951171875,103.47000122070312,4547.3798828125,77.5999984741211
2023-11-21,185.35000610351562,103.56999969482422,4538.18994140625,77.7699966430664
2023-11-22,184.55999755859375,103.91999816894531,4556.6201171875,77.0999984741211
2023-11-24,185.52000427246094,103.4000015258789,4559.33984375,75.54000091552734
2023-11-27,186.77000427246094,103.19999694824219,4550.43017578125,74.86000061035156
2023-11-28,189.25999450683594,102.75,4554.89013671875,76.41000366210938
2023-11-29,189.5399932861328,102.7699966430664,4550.580078125,77.86000061035156
2023-11-30,188.75,103.5,4567.7998046875,75.95999908447266
2023-12-01,192.00999450683594,103.2699966430664,4594.6298828125,74.06999969482422
2023-12-04,187.86000061035156,103.63999938964844,4569.77978515625,73.04000091552734
2023-12-05,187.14999389648438,104.05000305175781,4567.18017578125,72.31999969482422
2023-12-06,187.83999633789062,104.1500015258789,4549.33984375,69.37999725341797
2023-12-07,188.14999389648438,103.54000091552734,4585.58984375,69.33999633789062
2023-12-08,185.63999938964844,104.01000213623047,4604.3701171875,71.2300033569336
2023-12-11,183.58999633789062,104.0999984741211,4622.43994140625,71.31999969482422
2023-12-12,183.49000549316406,103.87000274658203,4643.7001953125,68.61000061035156
2023-12-13,187.6300048828125,102.87000274658203,4707.08984375,69.47000122070312
2023-12-14,188.72999572753906,101.95999908447266,4719.5498046875,71.58000183105469
2023-12-15,187.0,102.55000305175781,4719.18994140625,71.43000030517578
2023-12-18,187.85000610351562,102.51000213623047,4740.56005859375,72.47000122070312
2023-12-19,189.1300048828125,102.16999816894531,4768.3701171875,73.44000244140625
2023-12-20,188.10000610351562,102.41000366210938,4698.35009765625,74.22000122070312
2023-12-21,189.42999267578125,101.83999633789062,4746.75,73.88999938964844
2023-12-22,190.27000427246094,101.69999694824219,4754.6298828125,73.55999755859375
2023-12-26,191.72000122070312,101.47000122070312,4774.75,75.56999969482422
2023-12-27,192.58999633789062,100.98999786376953,4781.580078125,74.11000061035156
2023-12-28,191.47000122070312,101.2300033569336,4783.35009765625,71.7699966430664
2023-12-29,191.1699981689453,101.33000183105469,4769.830078125,71.6500015258789
2024-01-02,190.72000122070312,102.19999694824219,4742.830078125,70.37999725341797
2024-01-03,189.1300048828125,102.45999908447266,4704.81005859375,72.69999694824219
2024-01-04,189.32000732421875,102.41999816894531,4688.68017578125,72.19000244140625
2024-01-05,189.35000610351562,102.41000366210938,4697.240234375,73.80999755859375
2024-01-08,187.8699951171875,102.20999908447266,4763.5400390625,70.7699966430664
2024-01-09,187.92999267578125,102.56999969482422,4756.5,72.23999786376953
2024-01-10,187.5,102.36000061035156,4783.4501953125,71.37000274658203
2024-01-11,187.8699951171875,102.29000091552734,4780.240234375,72.0199966430664
2024-01-12,189.7100067138672,102.4000015258789,4783.830078125,72.68000030517578
2024-01-16,187.91000366210938,103.36000061035156,4765.97998046875,72.4000015258789
2024-01-17,185.83999633789062,103.44999694824219,4739.2099609375,72.55999755859375
2024-01-18,187.3699951171875,103.54000091552734,4780.93994140625,74.08000183105469
2024-01-19,187.92999267578125,103.29000091552734,4839.81005859375,73.41000366210938
2024-01-22,187.22000122070312,103.33000183105469,4850.43017578125,75.19000244140625
2024-01-23,187.9499969482422,103.62000274658203,4864.60009765625,74.37000274658203
2024-01-24,186.39999389648438,103.23999786376953,4868.5498046875,75.08999633789062
2024-01-25,187.13999938964844,103.56999969482422,4894.16015625,77.36000061035156
2024-01-26,187.00999450683594,103.47000122070312,4890.97021484375,78.01000213623047
2024-01-29,188.3300018310547,103.61000061035156,4927.93017578125,76.77999877929688
2024-01-30,188.58999633789062,103.4000015258789,4924.97021484375,77.81999969482422
2024-01-31,188.4499969482422,103.2699966430664,4845.64990234375,75.8499984741211
2024-02-01,190.41000366210938,103.05000305175781,4906.18994140625,73.81999969482422
2024-02-02,188.61000061035156,103.91999816894531,4958.60986328125,72.27999877929688
2024-02-05,187.57000732421875,104.44999694824219,4942.81005859375,72.77999877929688
2024-02-06,188.5500030517578,104.18000030517578,4954.22998046875,73.30999755859375
2024-02-07,188.5,104.04000091552734,4995.06005859375,73.86000061035156
2024-02-08,188.3300018310547,104.1500015258789,4997.91015625,76.22000122070312
2024-02-09,187.60000610351562,104.08000183105469,5026.60986328125,76.83999633789062
2024-02-12,187.11000061035156,104.16999816894531,5021.83984375,76.91999816894531
2024-02-13,184.52999877929688,104.95999908447266,4953.169921875,77.87000274658203
2024-02-14,184.4199981689453,104.72000122070312,5000.6201171875,76.63999938964844
2024-02-15,185.66000366210938,104.30000305175781,5029.72998046875,78.02999877929688
2024-02-16,186.33999633789062,104.30000305175781,5005.56982421875,79.19000244140625
2024-02-20,187.47000122070312,104.08000183105469,4975.509765625,78.18000030517578
2024-02-21,187.47999572753906,104.01000213623047,4981.7998046875,77.91000366210938
2024-02-22,187.55999755859375,103.95999908447266,5087.02978515625,78.61000061035156
2024-02-23,188.6199951171875,103.94000244140625,5088.7998046875,76.48999786376953
2024-02-26,188.1999969482422,103.83000183105469,5069.52978515625,77.58000183105469
2024-02-27,188.0,103.83000183105469,5078.18017578125,78.87000274658203
2024-02-28,188.33999633789062,103.9800033569336,5069.759765625,78.54000091552734
2024-02-29,189.30999755859375,104.16000366210938,5096.27001953125,78.26000213623047
2024-03-01,192.88999938964844,103.86000061035156,5137.080078125,79.97000122070312
2024-03-04,196.00999450683594,103.83000183105469,5130.9501953125,78.73999786376953
2024-03-05,197.19000244140625,103.80000305175781,5078.64990234375,78.1500015258789
2024-03-06,198.80999755859375,103.37000274658203,5104.759765625,79.12999725341797
2024-03-07,199.94000244140625,102.81999969482422,5157.35986328125,78.93000030517578
2024-03-08,201.6300048828125,102.73999786376953,5123.68994140625,78.01000213623047
2024-03-11,202.0,102.87000274658203,5117.93994140625,77.93000030517578
2024-03-12,199.7899932861328,102.95999908447266,5175.27001953125,77.55999755859375
2024-03-13,201.19000244140625,102.79000091552734,5165.31005859375,79.72000122070312
2024-03-14,200.35000610351562,103.36000061035156,5150.47998046875,81.26000213623047
2024-03-15,199.7100067138672,103.43000030517578,5117.08984375,81.04000091552734
2024-03-18,200.02999877929688,103.58000183105469,5149.419921875,82.72000122070312
2024-03-19,199.8000030517578,103.80999755859375,5178.509765625,83.47000122070312
2024-03-20,202.17999267578125,103.41000366210938,5224.6201171875,81.68000030517578
2024-03-21,201.97000122070312,104.0,5241.52978515625,81.06999969482422
2024-03-22,200.35000610351562,104.43000030517578,5234.18017578125,80.62999725341797
2024-03-25,200.99000549316406,104.2300033569336,5218.18994140625,81.94999694824219
2024-03-26,201.63999938964844,104.29000091552734,5203.580078125,81.62000274658203
2024-03-27,203.10000610351562,104.3499984741211,5248.490234375,81.3499984741211
2024-03-28,205.72000122070312,104.55000305175781,5254.35009765625,83.16999816894531
2024-04-01,207.82000732421875,105.0199966430664,5243.77001953125,83.70999908447266
2024-04-02,210.88999938964844,104.81999969482422,5205.81005859375,85.1500015258789
2024-04-03,212.74000549316406,104.25,5211.490234375,85.43000030517578
2024-04-04,211.52000427246094,104.12000274658203,5147.2099609375,86.58999633789062
2024-04-05,215.13999938964844,104.30000305175781,5204.33984375,86.91000366210938
2024-04-08,216.47999572753906,104.13999938964844,5202.39013671875,86.43000030517578
2024-04-09,217.6699981689453,104.1500015258789,5209.91015625,85.2300033569336
2024-04-10,215.61000061035156,105.25,5160.64013671875,86.20999908447266
2024-04-11,219.8000030517578,105.27999877929688,5199.06005859375,85.0199966430664
2024-04-12,216.88999938964844,106.04000091552734,5123.41015625,85.66000366210938
2024-04-15,220.9499969482422,106.20999908447266,5061.81982421875,85.41000366210938
2024-04-16,221.22000122070312,106.26000213623047,5051.41015625,85.36000061035156
2024-04-17,219.58999633789062,105.94999694824219,5022.2099609375,82.69000244140625
2024-04-18,220.33999633789062,106.1500015258789,5011.1201171875,82.7300033569336
2024-04-19,221.02999877929688,106.1500015258789,4967.22998046875,83.13999938964844
2024-04-22,215.57000732421875,106.08000183105469,5010.60009765625,82.8499984741211
2024-04-23,215.0399932861328,105.69000244140625,5070.5498046875,83.36000061035156
2024-04-24,214.63999938964844,105.86000061035156,5071.6298828125,82.80999755859375
2024-04-25,215.9199981689453,105.5999984741211,5048.419921875,83.56999969482422
2024-04-26,216.6199951171875,105.94000244140625,5099.9599609375,83.8499984741211
2024-04-29,216.17999267578125,105.58000183105469,5116.169921875,82.62999725341797
2024-04-30,211.8699951171875,106.22000122070312,5035.68994140625,81.93000030517578
2024-05-01,213.7899932861328,105.76000213623047,5018.39013671875,79.0
2024-05-02,213.1300048828125,105.30000305175781,5064.2001953125,78.94999694824219
2024-05-03,212.9600067138672,105.02999877929688,5127.7900390625,78.11000061035156
2024-05-06,215.1999969482422,105.05000305175781,5180.740234375,78.4800033569336
2024-05-07,214.2100067138672,105.41000366210938,5187.7001953125,78.37999725341797
2024-05-08,213.5800018310547,105.55000305175781,5187.669921875,78.98999786376953
2024-05-09,216.9499969482422,105.2300033569336,5214.080078125,79.26000213623047
2024-05-10,218.7100067138672,105.30999755859375,5222.68017578125,78.26000213623047
2024-05-13,216.25999450683594,105.22000122070312,5221.419921875,79.12000274658203
2024-05-14,218.08999633789062,105.01000213623047,5246.68017578125,78.0199966430664
2024-05-15,220.88999938964844,104.3499984741211,5308.14990234375,78.62999725341797
2024-05-16,220.02999877929688,104.45999908447266,5297.10009765625,79.2300033569336
2024-05-17,223.66000366210938,104.44999694824219,5303.27001953125,80.05999755859375
2024-05-20,224.55999755859375,104.56999969482422,5308.1298828125,79.80000305175781
2024-05-21,224.22999572753906,104.66000366210938,5321.41015625,79.26000213623047
2024-05-22,220.11000061035156,104.94000244140625,5307.009765625,77.56999969482422
2024-05-23,215.72000122070312,105.11000061035156,5267.83984375,76.87000274658203
2024-05-24,215.9199981689453,104.72000122070312,5304.72021484375,77.72000122070312
2024-05-28,218.19000244140625,104.61000061035156,5306.0400390625,79.83000183105469
2024-05-29,216.16000366210938,105.0999984741211,5266.9501953125,79.2300033569336
2024-05-30,216.57000732421875,104.72000122070312,5235.47998046875,77.91000366210938
2024-05-31,215.3000030517578,104.66999816894531,5277.509765625,76.98999786376953
2024-06-03,217.22000122070312,104.13999938964844,5283.39990234375,74.22000122070312
2024-06-04,215.27000427246094,104.11000061035156,5291.33984375,73.25
2024-06-05,217.82000732421875,104.2699966430664,5354.02978515625,74.06999969482422
2024-06-06,219.42999267578125,104.0999984741211,5352.9599609375,75.55000305175781
2024-06-07,211.60000610351562,104.88999938964844,5346.990234375,75.52999877929688
2024-06-10,213.5399932861328,105.1500015258789,5360.7900390625,77.73999786376953
2024-06-11,214.14999389648438,105.2300033569336,5375.31982421875,77.9000015258789
2024-06-12,214.72000122070312,104.6500015258789,5421.02978515625,78.5
2024-06-13,212.97000122070312,105.19999694824219,5433.740234375,78.62000274658203
2024-06-14,215.72999572753906,105.55000305175781,5431.60009765625,78.44999694824219
2024-06-17,214.61000061035156,105.31999969482422,5473.22998046875,80.33000183105469
2024-06-18,215.47000122070312,105.26000213623047,5487.02978515625,81.56999969482422
2024-06-20,218.16000366210938,105.58999633789062,5473.169921875,82.16999816894531
2024-06-21,214.77999877929688,105.80000305175781,5464.6201171875,80.7300033569336
2024-06-24,215.6300048828125,105.47000122070312,5447.8701171875,81.62999725341797
2024-06-25,214.55999755859375,105.61000061035156,5469.2998046875,80.83000183105469
2024-06-26,212.5800018310547,106.05000305175781,5477.89990234375,80.9000015258789
2024-06-27,214.99000549316406,105.91000366210938,5482.8701171875,81.73999786376953
2024-06-28,215.00999450683594,105.87000274658203,5460.47998046875,81.54000091552734
2024-07-01,215.57000732421875,105.9000015258789,5475.08984375,83.37999725341797
2024-07-02,215.55999755859375,105.72000122070312,5509.009765625,82.80999755859375
2024-07-03,217.99000549316406,105.4000015258789,5537.02001953125,83.87999725341797
2024-07-05,220.92999267578125,104.87999725341797,5567.18994140625,83.16000366210938
2024-07-08,218.19000244140625,105.01000213623047,5572.85009765625,82.33000183105469
2024-07-09,218.55999755859375,105.12999725341797,5576.97998046875,81.41000366210938
2024-07-10,219.36000061035156,105.05000305175781,5633.91015625,82.0999984741211
2024-07-11,223.25,104.44000244140625,5584.5400390625,82.62000274658203
2024-07-12,223.11000061035156,104.08999633789062,5615.35009765625,82.20999908447266
2024-07-15,223.8300018310547,104.19000244140625,5631.22021484375,81.91000366210938
2024-07-16,228.2899932861328,104.2699966430664,5667.2001953125,80.76000213623047
2024-07-17,227.22999572753906,103.75,5588.27001953125,82.8499984741211
2024-07-18,225.77999877929688,104.16999816894531,5544.58984375,82.81999969482422
2024-07-19,221.72999572753906,104.4000015258789,5505.0,80.12999725341797
2024-07-22,221.8000030517578,104.30999755859375,5564.41015625,79.77999877929688
2024-07-23,222.5800018310547,104.44999694824219,5555.740234375,76.95999908447266
2024-07-24,221.8000030517578,104.38999938964844,5427.1298828125,77.58999633789062
2024-07-25,218.3300018310547,104.36000061035156,5399.22021484375,78.27999877929688
2024-07-26,220.6300048828125,104.31999969482422,5459.10009765625,77.16000366210938
2024-07-29,220.32000732421875,104.55999755859375,5463.5400390625,75.80999755859375
2024-07-30,222.52000427246094,104.55000305175781,5436.43994140625,74.7300033569336
2024-07-31,226.5500030517578,104.0999984741211,5522.2998046875,77.91000366210938
2024-08-01,225.77000427246094,104.41999816894531,5446.68017578125,76.30999755859375
2024-08-02,225.33999633789062,103.20999908447266,5346.56005859375,73.5199966430664
2024-08-05,222.47999572753906,102.69000244140625,5186.330078125,72.94000244140625
2024-08-06,220.6999969482422,102.97000122070312,5240.02978515625,73.19999694824219
2024-08-07,220.5500030517578,103.19999694824219,5199.5,75.2300033569336
2024-08-08,224.00999450683594,103.20999908447266,5319.31005859375,76.19000244140625
2024-08-09,224.55999755859375,103.13999938964844,5344.16015625,76.83999633789062
2024-08-12,228.41000366210938,103.13999938964844,5344.39013671875,80.05999755859375
2024-08-13,228.05999755859375,102.55999755859375,5434.43017578125,78.3499984741211
2024-08-14,226.1999969482422,102.56999969482422,5455.2099609375,76.9800033569336
2024-08-15,226.91000366210938,102.9800033569336,5543.22021484375,78.16000366210938
2024-08-16,231.99000549316406,102.45999908447266,5554.25,76.6500015258789
2024-08-19,231.61000061035156,101.88999938964844,5608.25,74.37000274658203
2024-08-20,232.4600067138672,101.44000244140625,5597.1201171875,74.04000091552734
2024-08-21,232.14999389648438,101.04000091552734,5620.85009765625,71.93000030517578
2024-08-22,229.3699951171875,101.51000213623047,5570.64013671875,73.01000213623047
2024-08-23,232.02000427246094,100.72000122070312,5634.60986328125,74.83000183105469
2024-08-26,232.75999450683594,100.8499984741211,5616.83984375,77.41999816894531
2024-08-27,233.38999938964844,100.55000305175781,5625.7998046875,75.52999877929688
2024-08-28,231.75,101.08999633789062,5592.18017578125,74.5199966430664
2024-08-29,232.9499969482422,101.33999633789062,5591.9599609375,75.91000366210938
2024-08-30,231.2899932861328,101.69999694824219,5648.39990234375,73.55000305175781
2024-09-03,230.2899932861328,101.83000183105469,5528.93017578125,70.33999633789062
2024-09-04,230.42999267578125,101.36000061035156,5520.06982421875,69.19999694824219
2024-09-05,232.35000610351562,101.11000061035156,5503.41015625,69.1500015258789
2024-09-06,230.6300048828125,101.18000030517578,5408.419921875,67.66999816894531
2024-09-09,231.60000610351562,101.55000305175781,5471.0498046875,68.70999908447266
2024-09-10,232.6199951171875,101.62999725341797,5495.52001953125,65.75
2024-09-11,232.25,101.68000030517578,5554.1298828125,67.30999755859375
2024-09-12,236.3300018310547,101.37000274658203,5595.759765625,68.97000122070312
2024-09-13,238.67999267578125,101.11000061035156,5626.02001953125,68.6500015258789
2024-09-16,238.66000366210938,100.76000213623047,5633.08984375,70.08999633789062
2024-09-17,237.33999633789062,100.88999938964844,5634.580078125,71.19000244140625
2024-09-18,235.50999450683594,100.5999984741211,5618.259765625,70.91000366210938
2024-09-19,239.1699981689453,100.61000061035156,5713.64013671875,71.94999694824219
2024-09-20,242.2100067138672,100.72000122070312,5702.5498046875,71.91999816894531
2024-09-23,242.67999267578125,100.91999816894531,5718.56982421875,70.37000274658203
2024-09-24,246.07000732421875,100.37000274658203,5732.93017578125,71.55999755859375
2024-09-25,245.72999572753906,100.91999816894531,5722.259765625,69.69000244140625
2024-09-26,246.97999572753906,100.55999755859375,5745.3701171875,67.66999816894531
2024-09-27,245.02000427246094,100.41999816894531,5738.169921875,68.18000030517578
2024-09-30,243.05999755859375,100.77999877929688,5762.47998046875,68.16999816894531
2024-10-01,245.61000061035156,101.19000244140625,5708.75,69.83000183105469
2024-10-02,245.66000366210938,101.68000030517578,5709.5400390625,70.0999984741211
2024-10-03,245.49000549316406,101.98999786376953,5699.93994140625,73.70999908447266
2024-10-04,245.0,102.5199966430664,5751.06982421875,74.37999725341797
2024-10-07,244.1699981689453,102.54000091552734,5695.93994140625,77.13999938964844
2024-10-08,242.3699951171875,102.55000305175781,5751.1298828125,73.56999969482422
2024-10-09,241.0500030517578,102.93000030517578,5792.0400390625,73.23999786376953
2024-10-10,242.82000732421875,102.98999786376953,5780.0498046875,75.8499984741211
2024-10-11,245.47000122070312,102.88999938964844,5815.02978515625,75.55999755859375
2024-10-14,245.07000732421875,103.30000305175781,5859.85009765625,73.83000183105469
2024-10-15,245.9199981689453,103.26000213623047,5815.259765625,70.58000183105469
2024-10-16,247.14999389648438,103.58999633789062,5842.47021484375,70.38999938964844
2024-10-17,248.6300048828125,103.83000183105469,5841.47021484375,70.66999816894531
2024-10-18,251.27000427246094,103.48999786376953,5864.669921875,69.22000122070312
2024-10-21,251.22000122070312,104.01000213623047,5853.97998046875,70.55999755859375
2024-10-22,253.92999267578125,104.08000183105469,5851.2001953125,72.08999633789062
2024-10-23,250.8699951171875,104.43000030517578,5797.419921875,70.7699966430664
2024-10-24,252.8000030517578,104.05999755859375,5809.85986328125,70.19000244140625
2024-10-25,253.32000732421875,104.26000213623047,5808.1201171875,71.77999877929688
2024-10-28,253.3300018310547,104.31999969482422,5823.52001953125,67.37999725341797
2024-10-29,256.0899963378906,104.27999877929688,5832.919921875,67.20999908447266
2024-10-30,257.5,103.98999786376953,5813.669921875,68.61000061035156
2024-10-31,253.50999450683594,103.9800033569336,5705.4501953125,69.26000213623047
2024-11-01,252.47000122070312,104.27999877929688,5728.7998046875,69.48999786376953
2024-11-04,252.8300018310547,103.88999938964844,5712.68994140625,71.47000122070312
2024-11-05,253.39999389648438,103.41999816894531,5782.759765625,71.98999786376953
2024-11-06,245.6999969482422,105.08999633789062,5929.0400390625,71.69000244140625
2024-11-07,249.64999389648438,104.51000213623047,5973.10009765625,72.36000061035156
2024-11-08,247.9600067138672,105.0,5995.5400390625,70.37999725341797
2024-11-11,242.13999938964844,105.54000091552734,6001.35009765625,68.04000091552734
2024-11-12,240.0500030517578,106.0199966430664,5983.990234375,68.12000274658203
2024-11-13,237.6300048828125,106.4800033569336,5985.3798828125,68.43000030517578
2024-11-14,237.00999450683594,106.66999816894531,5949.169921875,68.69999694824219
2024-11-15,236.58999633789062,106.69000244140625,5870.6201171875,67.0199966430664
2024-11-18,241.08999633789062,106.27999877929688,5893.6201171875,69.16000366210938
2024-11-19,243.25,106.20999908447266,5916.97998046875,69.38999938964844
2024-11-20,244.6199951171875,106.68000030517578,5917.10986328125,68.87000274658203
2024-11-21,246.66000366210938,106.97000122070312,5948.7099609375,70.0999984741211
2024-11-22,249.83999633789062,107.48999786376953,5969.33984375,71.23999786376953
2024-11-25,242.47999572753906,106.81999969482422,5987.3701171875,68.94000244140625
2024-11-26,242.9499969482422,107.01000213623047,6021.6298828125,68.7699966430664
2024-11-27,243.49000549316406,106.08000183105469,5998.740234375,68.72000122070312
2024-11-29,245.58999633789062,105.73999786376953,6032.3798828125,68.0
2024-12-02,243.44000244140625,106.44999694824219,6047.14990234375,68.0999984741211
2024-12-03,243.92999267578125,106.37000274658203,6049.8798828125,69.94000244140625
2024-12-04,244.6699981689453,106.33999633789062,6086.490234375,68.54000091552734
2024-12-05,242.86000061035156,105.70999908447266,6075.10986328125,68.30000305175781
2024-12-06,242.9499969482422,105.97000122070312,6090.27001953125,67.19999694824219
2024-12-09,245.36000061035156,106.1500015258789,6052.85009765625,68.37000274658203
2024-12-10,248.58999633789062,106.4000015258789,6034.91015625,68.58999633789062
2024-12-11,250.9600067138672,106.70999908447266,6084.18994140625,70.29000091552734
2024-12-12,247.27999877929688,106.95999908447266,6051.25,70.0199966430664
2024-12-13,244.2899932861328,107.0,6051.08984375,71.29000091552734
2024-12-16,244.8800048828125,106.86000061035156,6074.080078125,70.70999908447266
2024-12-17,243.94000244140625,106.95999908447266,6050.60986328125,70.08000183105469
2024-12-18,239.25999450683594,108.02999877929688,5872.16015625,70.58000183105469
2024-12-19,239.60000610351562,108.41000366210938,5867.080078125,69.91000366210938
2024-12-20,242.10000610351562,107.62000274658203,5930.85009765625,69.45999908447266
2024-12-23,240.9600067138672,108.04000091552734,5974.06982421875,69.23999786376953
2024-12-24,241.44000244140625,108.26000213623047,6040.0400390625,70.0999984741211
2024-12-26,243.07000732421875,108.12999725341797,6037.58984375,69.62000274658203
2024-12-27,241.39999389648438,108.0,5970.83984375,70.5999984741211
2024-12-30,240.6300048828125,108.12999725341797,5906.93994140625,70.98999786376953
2024-12-31,242.1300048828125,108.48999786376953,5881.6298828125,71.72000122070312
2025-01-02,245.4199981689453,109.38999938964844,5868.5498046875,73.12999725341797
2025-01-03,243.49000549316406,108.94999694824219,5942.47021484375,73.95999908447266
2025-01-06,243.19000244140625,108.26000213623047,5975.3798828125,73.55999755859375
2025-01-07,244.55999755859375,108.54000091552734,5909.02978515625,74.25
2025-01-08,245.86000061035156,109.08999633789062,5918.25,73.31999969482422
2025-01-10,248.2100067138672,109.6500015258789,5827.0400390625,76.56999969482422
2025-01-13,245.74000549316406,109.95999908447266,5836.22021484375,78.81999969482422
2025-01-14,247.02999877929688,109.2699966430664,5842.91015625,77.5
2025-01-15,248.8800048828125,109.08999633789062,5949.91015625,80.04000091552734
2025-01-16,250.60000610351562,108.95999908447266,5937.33984375,78.68000030517578
2025-01-17,249.27000427246094,109.3499984741211,5996.66015625,77.87999725341797
2025-01-21,253.1300048828125,108.05999755859375,6049.240234375,75.88999938964844
2025-01-22,254.42999267578125,108.16999816894531,6086.3701171875,75.44000244140625
2025-01-23,254.07000732421875,108.05000305175781,6118.7099609375,74.62000274658203
2025-01-24,255.64999389648438,107.44000244140625,6101.240234375,74.66000366210938
2025-01-27,252.99000549316406,107.33999633789062,6012.27978515625,73.16999816894531
2025-01-28,255.17999267578125,107.87000274658203,6067.7001953125,73.7699966430664
2025-01-29,254.1999969482422,108.0,6039.31005859375,72.62000274658203
2025-01-30,258.04998779296875,107.80000305175781,6071.169921875,72.7300033569336
2025-01-31,258.55999755859375,108.37000274658203,6040.52978515625,72.52999877929688
2025-02-03,259.94000244140625,108.98999786376953,5994.56982421875,73.16000366210938
2025-02-04,262.5,107.95999908447266,6037.8798828125,72.69999694824219
2025-02-05,264.1300048828125,107.58000183105469,6061.47998046875,71.02999877929688
2025-02-06,263.42999267578125,107.69000244140625,6083.56982421875,70.61000061035156
2025-02-07,263.8999938964844,108.04000091552734,6025.990234375,71.0
2025-02-10,268.3699951171875,108.31999969482422,6066.43994140625,72.31999969482422
2025-02-11,267.3900146484375,107.95999908447266,6068.5,73.31999969482422
2025-02-12,267.6700134277344,107.94000244140625,6051.97021484375,71.37000274658203
2025-02-13,270.30999755859375,107.30999755859375,6115.06982421875,71.29000091552734
2025-02-14,266.2900085449219,106.56999969482422,6114.6298828125,70.73999786376953
2025-02-18,270.70001220703125,107.05000305175781,6129.580078125,71.8499984741211
2025-02-19,270.8500061035156,107.16999816894531,6144.14990234375,72.25
2025-02-20,270.989990234375,106.33999633789062,6117.52001953125,72.56999969482422
2025-02-21,270.739990234375,106.61000061035156,6013.1298828125,70.4000015258789
2025-02-24,272.2099914550781,106.5999984741211,5983.25,70.69999694824219
2025-02-25,268.6199951171875,106.30999755859375,5955.25,68.93000030517578
2025-02-26,269.0299987792969,106.41999816894531,5956.06005859375,68.62000274658203
2025-02-27,264.92999267578125,107.23999786376953,5861.56982421875,70.3499984741211
2025-02-28,263.2699890136719,107.61000061035156,5954.5,69.76000213623047
2025-03-03,266.739990234375,106.75,5849.72021484375,68.37000274658203
2025-03-04,269.05999755859375,105.73999786376953,5778.14990234375,68.26000213623047
2025-03-05,269.6199951171875,105.73999786376953,5842.6298828125,66.30999755859375
2025-03-06,268.25,104.05999755859375,5738.52001953125,66.36000061035156
2025-03-07,268.3900146484375,103.83999633789062,5770.2001953125,67.04000091552734
2025-03-10,266.0400085449219,103.91000366210938,5614.56005859375,66.02999877929688
2025-03-11,269.1600036621094,103.44000244140625,5572.06982421875,66.25
2025-03-12,270.3299865722656,103.61000061035156,5599.2998046875,67.68000030517578
2025-03-13,275.1300048828125,103.83000183105469,5521.52001953125,66.55000305175781
2025-03-14,275.239990234375,103.72000122070312,5638.93994140625,67.18000030517578
2025-03-17,276.7300109863281,103.37000274658203,5675.1201171875,67.58000183105469
2025-03-18,279.9599914550781,103.23999786376953,5614.66015625,66.9000015258789
2025-03-19,281.1099853515625,103.43000030517578,5675.2900390625,67.16000366210938
2025-03-20,280.75,103.8499984741211,5662.89013671875,68.26000213623047
2025-03-21,278.489990234375,104.08999633789062,5667.56005859375,68.27999877929688
2025-03-24,277.25,104.26000213623047,5767.56982421875,69.11000061035156
2025-03-25,278.4700012207031,104.18000030517578,5776.64990234375,69.0
2025-03-26,278.239990234375,104.55000305175781,5712.2001953125,69.6500015258789
2025-03-27,281.9700012207031,104.06999969482422,5693.31005859375,69.91999816894531
2025-03-28,284.05999755859375,104.04000091552734,5580.93994140625,69.36000061035156
2025-03-31,288.1400146484375,104.20999908447266,5611.85009765625,71.4800033569336
2025-04-01,287.57000732421875,104.26000213623047,5633.06982421875,71.19999694824219
2025-04-02,288.1600036621094,103.80999755859375,5670.97021484375,71.70999908447266
2025-04-03,286.4200134277344,102.06999969482422,5396.52001953125,66.94999694824219
2025-04-04,279.7200012207031,103.0199966430664,5074.080078125,61.9900016784668
2025-04-07,273.7099914550781,103.26000213623047,5062.25,60.70000076293945
2025-04-08,275.20001220703125,102.95999908447266,4982.77001953125,59.58000183105469
2025-04-09,285.3800048828125,102.9000015258789,5456.89990234375,62.349998474121094
2025-04-10,292.3500061035156,100.87000274658203,5268.0498046875,60.06999969482422
2025-04-11,297.92999267578125,99.77999877929688,5363.35986328125,61.5
2025-04-14,296.2300109863281,99.63999938964844,5405.97021484375,61.529998779296875
2025-04-15,297.7799987792969,100.22000122070312,5396.6298828125,61.33000183105469
2025-04-16,307.4700012207031,99.37999725341797,5275.7001953125,62.470001220703125
2025-04-17,306.1199951171875,99.37999725341797,5282.7001953125,64.68000030517578
2025-04-21,315.5899963378906,98.27999877929688,5158.2001953125,63.08000183105469
2025-04-22,311.1099853515625,98.91999816894531,5287.759765625,64.30999755859375
2025-04-23,303.6499938964844,99.83999633789062,5375.85986328125,62.27000045776367
2025-04-24,308.07000732421875,99.29000091552734,5484.77001953125,62.790000915527344
2025-04-25,304.7300109863281,99.47000122070312,5525.2099609375,63.02000045776367
2025-04-28,309.07000732421875,99.01000213623047,5528.75,62.04999923706055
2025-04-29,306.05999755859375,99.23999786376953,5560.830078125,60.41999816894531
2025-04-30,303.7699890136719,99.47000122070312,5569.06005859375,58.209999084472656
2025-05-01,297.4599914550781,100.25,5604.14013671875,59.2400016784668
2025-05-02,297.9800109863281,100.0,5686.669921875,58.290000915527344
2025-05-05,306.8800048828125,99.83000183105469,5650.3798828125,57.130001068115234
2025-05-06,315.4800109863281,99.23999786376953,5606.91015625,59.09000015258789
2025-05-07,310.75,99.61000061035156,5631.27978515625,58.06999969482422
2025-05-08,304.6300048828125,100.63999938964844,5663.93994140625,59.90999984741211
2025-05-09,306.8399963378906,100.33999633789062,5659.91015625,61.02000045776367
2025-05-12,298.19000244140625,101.79000091552734,5844.18994140625,61.95000076293945
2025-05-13,299.4599914550781,101.0,5886.5498046875,63.66999816894531
2025-05-14,293.1600036621094,101.04000091552734,5892.580078125,63.150001525878906
2025-05-15,297.8399963378906,100.87999725341797,5916.93017578125,61.619998931884766
2025-05-16,294.239990234375,101.08999633789062,5958.3798828125,62.4900016784668
2025-05-19,298.0299987792969,100.43000030517578,5963.60009765625,62.689998626708984
2025-05-20,303.5799865722656,100.12000274658203,5940.4599609375,62.560001373291016
2025-05-21,305.82000732421875,99.55999755859375,5844.60986328125,61.56999969482422
2025-05-22,303.1099853515625,99.95999908447266,5842.009765625,61.20000076293945
2025-05-23,309.75,99.11000061035156,5802.81982421875,61.529998779296875
2025-05-27,304.5,99.5199966430664,5921.5400390625,60.88999938964844
2025-05-28,303.80999755859375,99.87999725341797,5888.5498046875,61.84000015258789
2025-05-29,305.6099853515625,99.27999877929688,5912.169921875,60.939998626708984
2025-05-30,303.6000061035156,99.33000183105469,5911.68994140625,60.790000915527344
2025-06-02,311.6700134277344,98.69999694824219,5935.93994140625,62.52000045776367
2025-06-03,308.9100036621094,99.25,5970.3701171875,63.40999984741211
2025-06-04,310.8999938964844,98.79000091552734,5970.81005859375,62.849998474121094
2025-06-05,309.3299865722656,98.73999786376953,5939.2998046875,63.369998931884766
2025-06-06,305.17999267578125,99.19000244140625,6000.35986328125,64.58000183105469
2025-06-09,306.6199951171875,98.94000244140625,6005.8798828125,65.29000091552734
2025-06-10,306.7099914550781,99.05000305175781,6038.81005859375,64.9800033569336
2025-06-11,308.3699951171875,98.62999725341797,6022.240234375,68.1500015258789
2025-06-12,312.20001220703125,97.91999816894531,6045.259765625,68.04000091552734
2025-06-13,316.2900085449219,98.18000030517578,5976.97021484375,72.9800033569336
2025-06-16,311.7799987792969,98.0,6033.10986328125,71.7699966430664
2025-06-17,311.94000244140625,98.81999969482422,5982.72021484375,74.83999633789062
2025-06-18,312.6650085449219,98.7249984741211,5998.91015625,75.68000030517578
